data_as_of,death_year,death_month,jurisdiction_occurrence,drug_involved,month_ending_date,drug_overdose_deaths,states
1/5/2025,2019,1,Region 1,Fentanyl,1/31/2019,3420,"Connecticut, Maine, Massachusetts, New Hampshire, Rhode Island, Vermont, New York"
1/5/2025,2019,2,Region 1,Fentanyl,2/28/2019,3434,"Connecticut, Maine, Massachusetts, New Hampshire, Rhode Island, Vermont, New York"
1/5/2025,2019,3,Region 1,Fentanyl,3/31/2019,3443,"Connecticut, Maine, Massachusetts, New Hampshire, Rhode Island, Vermont, New York"
1/5/2025,2019,4,Region 1,Fentanyl,4/30/2019,3440,"Connecticut, Maine, Massachusetts, New Hampshire, Rhode Island, Vermont, New York"
1/5/2025,2019,5,Region 1,Fentanyl,5/31/2019,3439,"Connecticut, Maine, Massachusetts, New Hampshire, Rhode Island, Vermont, New York"
1/5/2025,2019,6,Region 1,Fentanyl,6/30/2019,3461,"Connecticut, Maine, Massachusetts, New Hampshire, Rhode Island, Vermont, New York"
1/5/2025,2019,7,Region 1,Fentanyl,7/31/2019,3464,"Connecticut, Maine, Massachusetts, New Hampshire, Rhode Island, Vermont, New York"
1/5/2025,2019,8,Region 1,Fentanyl,8/31/2019,3539,"Connecticut, Maine, Massachusetts, New Hampshire, Rhode Island, Vermont, New York"
1/5/2025,2019,9,Region 1,Fentanyl,9/30/2019,3553,"Connecticut, Maine, Massachusetts, New Hampshire, Rhode Island, Vermont, New York"
1/5/2025,2019,10,Region 1,Fentanyl,10/31/2019,3620,"Connecticut, Maine, Massachusetts, New Hampshire, Rhode Island, Vermont, New York"
1/5/2025,2019,11,Region 1,Fentanyl,11/30/2019,3653,"Connecticut, Maine, Massachusetts, New Hampshire, Rhode Island, Vermont, New York"
1/5/2025,2019,12,Region 1,Fentanyl,12/31/2019,3719,"Connecticut, Maine, Massachusetts, New Hampshire, Rhode Island, Vermont, New York"
1/5/2025,2020,1,Region 1,Fentanyl,1/31/2020,3763,"Connecticut, Maine, Massachusetts, New Hampshire, Rhode Island, Vermont, New York"
1/5/2025,2020,2,Region 1,Fentanyl,2/29/2020,3815,"Connecticut, Maine, Massachusetts, New Hampshire, Rhode Island, Vermont, New York"
1/5/2025,2020,3,Region 1,Fentanyl,3/31/2020,3833,"Connecticut, Maine, Massachusetts, New Hampshire, Rhode Island, Vermont, New York"
1/5/2025,2020,4,Region 1,Fentanyl,4/30/2020,3926,"Connecticut, Maine, Massachusetts, New Hampshire, Rhode Island, Vermont, New York"
1/5/2025,2020,5,Region 1,Fentanyl,5/31/2020,4030,"Connecticut, Maine, Massachusetts, New Hampshire, Rhode Island, Vermont, New York"
1/5/2025,2020,6,Region 1,Fentanyl,6/30/2020,4039,"Connecticut, Maine, Massachusetts, New Hampshire, Rhode Island, Vermont, New York"
1/5/2025,2020,7,Region 1,Fentanyl,7/31/2020,4112,"Connecticut, Maine, Massachusetts, New Hampshire, Rhode Island, Vermont, New York"
1/5/2025,2020,8,Region 1,Fentanyl,8/31/2020,4062,"Connecticut, Maine, Massachusetts, New Hampshire, Rhode Island, Vermont, New York"
1/5/2025,2020,9,Region 1,Fentanyl,9/30/2020,4105,"Connecticut, Maine, Massachusetts, New Hampshire, Rhode Island, Vermont, New York"
1/5/2025,2020,10,Region 1,Fentanyl,10/31/2020,4091,"Connecticut, Maine, Massachusetts, New Hampshire, Rhode Island, Vermont, New York"
1/5/2025,2020,11,Region 1,Fentanyl,11/30/2020,4093,"Connecticut, Maine, Massachusetts, New Hampshire, Rhode Island, Vermont, New York"
1/5/2025,2020,12,Region 1,Fentanyl,12/31/2020,4117,"Connecticut, Maine, Massachusetts, New Hampshire, Rhode Island, Vermont, New York"
1/5/2025,2021,1,Region 1,Fentanyl,1/31/2021,4194,"Connecticut, Maine, Massachusetts, New Hampshire, Rhode Island, Vermont, New York"
1/5/2025,2021,2,Region 1,Fentanyl,2/28/2021,4201,"Connecticut, Maine, Massachusetts, New Hampshire, Rhode Island, Vermont, New York"
1/5/2025,2021,3,Region 1,Fentanyl,3/31/2021,4283,"Connecticut, Maine, Massachusetts, New Hampshire, Rhode Island, Vermont, New York"
1/5/2025,2021,4,Region 1,Fentanyl,4/30/2021,4288,"Connecticut, Maine, Massachusetts, New Hampshire, Rhode Island, Vermont, New York"
1/5/2025,2021,5,Region 1,Fentanyl,5/31/2021,4278,"Connecticut, Maine, Massachusetts, New Hampshire, Rhode Island, Vermont, New York"
1/5/2025,2021,6,Region 1,Fentanyl,6/30/2021,4335,"Connecticut, Maine, Massachusetts, New Hampshire, Rhode Island, Vermont, New York"
1/5/2025,2021,7,Region 1,Fentanyl,7/31/2021,4342,"Connecticut, Maine, Massachusetts, New Hampshire, Rhode Island, Vermont, New York"
1/5/2025,2021,8,Region 1,Fentanyl,8/31/2021,4469,"Connecticut, Maine, Massachusetts, New Hampshire, Rhode Island, Vermont, New York"
1/5/2025,2021,9,Region 1,Fentanyl,9/30/2021,4570,"Connecticut, Maine, Massachusetts, New Hampshire, Rhode Island, Vermont, New York"
1/5/2025,2021,10,Region 1,Fentanyl,10/31/2021,4665,"Connecticut, Maine, Massachusetts, New Hampshire, Rhode Island, Vermont, New York"
1/5/2025,2021,11,Region 1,Fentanyl,11/30/2021,4738,"Connecticut, Maine, Massachusetts, New Hampshire, Rhode Island, Vermont, New York"
1/5/2025,2021,12,Region 1,Fentanyl,12/31/2021,4775,"Connecticut, Maine, Massachusetts, New Hampshire, Rhode Island, Vermont, New York"
1/5/2025,2022,1,Region 1,Fentanyl,1/31/2022,4766,"Connecticut, Maine, Massachusetts, New Hampshire, Rhode Island, Vermont, New York"
1/5/2025,2022,2,Region 1,Fentanyl,2/28/2022,4805,"Connecticut, Maine, Massachusetts, New Hampshire, Rhode Island, Vermont, New York"
1/5/2025,2022,3,Region 1,Fentanyl,3/31/2022,4819,"Connecticut, Maine, Massachusetts, New Hampshire, Rhode Island, Vermont, New York"
1/5/2025,2022,4,Region 1,Fentanyl,4/30/2022,4845,"Connecticut, Maine, Massachusetts, New Hampshire, Rhode Island, Vermont, New York"
1/5/2025,2022,5,Region 1,Fentanyl,5/31/2022,4840,"Connecticut, Maine, Massachusetts, New Hampshire, Rhode Island, Vermont, New York"
1/5/2025,2022,6,Region 1,Fentanyl,6/30/2022,4835,"Connecticut, Maine, Massachusetts, New Hampshire, Rhode Island, Vermont, New York"
1/5/2025,2022,7,Region 1,Fentanyl,7/31/2022,4842,"Connecticut, Maine, Massachusetts, New Hampshire, Rhode Island, Vermont, New York"
1/5/2025,2022,8,Region 1,Fentanyl,8/31/2022,4805,"Connecticut, Maine, Massachusetts, New Hampshire, Rhode Island, Vermont, New York"
1/5/2025,2022,9,Region 1,Fentanyl,9/30/2022,4781,"Connecticut, Maine, Massachusetts, New Hampshire, Rhode Island, Vermont, New York"
1/5/2025,2022,10,Region 1,Fentanyl,10/31/2022,4830,"Connecticut, Maine, Massachusetts, New Hampshire, Rhode Island, Vermont, New York"
1/5/2025,2022,11,Region 1,Fentanyl,11/30/2022,4857,"Connecticut, Maine, Massachusetts, New Hampshire, Rhode Island, Vermont, New York"
1/5/2025,2022,12,Region 1,Fentanyl,12/31/2022,4871,"Connecticut, Maine, Massachusetts, New Hampshire, Rhode Island, Vermont, New York"
1/5/2025,2023,1,Region 1,Fentanyl,1/31/2023,4898,"Connecticut, Maine, Massachusetts, New Hampshire, Rhode Island, Vermont, New York"
1/5/2025,2023,2,Region 1,Fentanyl,2/28/2023,4900,"Connecticut, Maine, Massachusetts, New Hampshire, Rhode Island, Vermont, New York"
1/5/2025,2023,3,Region 1,Fentanyl,3/31/2023,4847,"Connecticut, Maine, Massachusetts, New Hampshire, Rhode Island, Vermont, New York"
1/5/2025,2023,4,Region 1,Fentanyl,4/30/2023,4824,"Connecticut, Maine, Massachusetts, New Hampshire, Rhode Island, Vermont, New York"
1/5/2025,2023,5,Region 1,Fentanyl,5/31/2023,4848,"Connecticut, Maine, Massachusetts, New Hampshire, Rhode Island, Vermont, New York"
1/5/2025,2023,6,Region 1,Fentanyl,6/30/2023,4833,"Connecticut, Maine, Massachusetts, New Hampshire, Rhode Island, Vermont, New York"
1/5/2025,2023,7,Region 1,Fentanyl,7/31/2023,4800,"Connecticut, Maine, Massachusetts, New Hampshire, Rhode Island, Vermont, New York"
1/5/2025,2023,8,Region 1,Fentanyl,8/31/2023,4767,"Connecticut, Maine, Massachusetts, New Hampshire, Rhode Island, Vermont, New York"
1/5/2025,2023,9,Region 1,Fentanyl,9/30/2023,4739,"Connecticut, Maine, Massachusetts, New Hampshire, Rhode Island, Vermont, New York"
1/5/2025,2023,10,Region 1,Fentanyl,10/31/2023,4586,"Connecticut, Maine, Massachusetts, New Hampshire, Rhode Island, Vermont, New York"
1/5/2025,2023,11,Region 1,Fentanyl,11/30/2023,4498,"Connecticut, Maine, Massachusetts, New Hampshire, Rhode Island, Vermont, New York"
1/5/2025,2023,12,Region 1,Fentanyl,12/31/2023,4426,"Connecticut, Maine, Massachusetts, New Hampshire, Rhode Island, Vermont, New York"
1/5/2025,2024,1,Region 1,Fentanyl,1/31/2024,4339,"Connecticut, Maine, Massachusetts, New Hampshire, Rhode Island, Vermont, New York"
1/5/2025,2024,2,Region 1,Fentanyl,2/29/2024,4236,"Connecticut, Maine, Massachusetts, New Hampshire, Rhode Island, Vermont, New York"
1/5/2025,2024,3,Region 1,Fentanyl,3/31/2024,4181,"Connecticut, Maine, Massachusetts, New Hampshire, Rhode Island, Vermont, New York"
1/5/2025,2024,4,Region 1,Fentanyl,4/30/2024,4051,"Connecticut, Maine, Massachusetts, New Hampshire, Rhode Island, Vermont, New York"
1/5/2025,2024,5,Region 1,Fentanyl,5/31/2024,3883,"Connecticut, Maine, Massachusetts, New Hampshire, Rhode Island, Vermont, New York"
1/5/2025,2024,6,Region 1,Fentanyl,6/30/2024,3766,"Connecticut, Maine, Massachusetts, New Hampshire, Rhode Island, Vermont, New York"
1/5/2025,2019,1,Region 2,Fentanyl,1/31/2019,4328,"Delaware, District of Columbia, Maryland, Pennsylvania, Virginia, West Virginia, New Jersey"
1/5/2025,2019,2,Region 2,Fentanyl,2/28/2019,4389,"Delaware, District of Columbia, Maryland, Pennsylvania, Virginia, West Virginia, New Jersey"
1/5/2025,2019,3,Region 2,Fentanyl,3/31/2019,4381,"Delaware, District of Columbia, Maryland, Pennsylvania, Virginia, West Virginia, New Jersey"
1/5/2025,2019,4,Region 2,Fentanyl,4/30/2019,4331,"Delaware, District of Columbia, Maryland, Pennsylvania, Virginia, West Virginia, New Jersey"
1/5/2025,2019,5,Region 2,Fentanyl,5/31/2019,4277,"Delaware, District of Columbia, Maryland, Pennsylvania, Virginia, West Virginia, New Jersey"
1/5/2025,2019,6,Region 2,Fentanyl,6/30/2019,4252,"Delaware, District of Columbia, Maryland, Pennsylvania, Virginia, West Virginia, New Jersey"
1/5/2025,2019,7,Region 2,Fentanyl,7/31/2019,4296,"Delaware, District of Columbia, Maryland, Pennsylvania, Virginia, West Virginia, New Jersey"
1/5/2025,2019,8,Region 2,Fentanyl,8/31/2019,4311,"Delaware, District of Columbia, Maryland, Pennsylvania, Virginia, West Virginia, New Jersey"
1/5/2025,2019,9,Region 2,Fentanyl,9/30/2019,4333,"Delaware, District of Columbia, Maryland, Pennsylvania, Virginia, West Virginia, New Jersey"
1/5/2025,2019,10,Region 2,Fentanyl,10/31/2019,4347,"Delaware, District of Columbia, Maryland, Pennsylvania, Virginia, West Virginia, New Jersey"
1/5/2025,2019,11,Region 2,Fentanyl,11/30/2019,4411,"Delaware, District of Columbia, Maryland, Pennsylvania, Virginia, West Virginia, New Jersey"
1/5/2025,2019,12,Region 2,Fentanyl,12/31/2019,4512,"Delaware, District of Columbia, Maryland, Pennsylvania, Virginia, West Virginia, New Jersey"
1/5/2025,2020,1,Region 2,Fentanyl,1/31/2020,4656,"Delaware, District of Columbia, Maryland, Pennsylvania, Virginia, West Virginia, New Jersey"
1/5/2025,2020,2,Region 2,Fentanyl,2/29/2020,4744,"Delaware, District of Columbia, Maryland, Pennsylvania, Virginia, West Virginia, New Jersey"
1/5/2025,2020,3,Region 2,Fentanyl,3/31/2020,4879,"Delaware, District of Columbia, Maryland, Pennsylvania, Virginia, West Virginia, New Jersey"
1/5/2025,2020,4,Region 2,Fentanyl,4/30/2020,5076,"Delaware, District of Columbia, Maryland, Pennsylvania, Virginia, West Virginia, New Jersey"
1/5/2025,2020,5,Region 2,Fentanyl,5/31/2020,5362,"Delaware, District of Columbia, Maryland, Pennsylvania, Virginia, West Virginia, New Jersey"
1/5/2025,2020,6,Region 2,Fentanyl,6/30/2020,5512,"Delaware, District of Columbia, Maryland, Pennsylvania, Virginia, West Virginia, New Jersey"
1/5/2025,2020,7,Region 2,Fentanyl,7/31/2020,5615,"Delaware, District of Columbia, Maryland, Pennsylvania, Virginia, West Virginia, New Jersey"
1/5/2025,2020,8,Region 2,Fentanyl,8/31/2020,5737,"Delaware, District of Columbia, Maryland, Pennsylvania, Virginia, West Virginia, New Jersey"
1/5/2025,2020,9,Region 2,Fentanyl,9/30/2020,5824,"Delaware, District of Columbia, Maryland, Pennsylvania, Virginia, West Virginia, New Jersey"
1/5/2025,2020,10,Region 2,Fentanyl,10/31/2020,5895,"Delaware, District of Columbia, Maryland, Pennsylvania, Virginia, West Virginia, New Jersey"
1/5/2025,2020,11,Region 2,Fentanyl,11/30/2020,5986,"Delaware, District of Columbia, Maryland, Pennsylvania, Virginia, West Virginia, New Jersey"
1/5/2025,2020,12,Region 2,Fentanyl,12/31/2020,6013,"Delaware, District of Columbia, Maryland, Pennsylvania, Virginia, West Virginia, New Jersey"
1/5/2025,2021,1,Region 2,Fentanyl,1/31/2021,6205,"Delaware, District of Columbia, Maryland, Pennsylvania, Virginia, West Virginia, New Jersey"
1/5/2025,2021,2,Region 2,Fentanyl,2/28/2021,6258,"Delaware, District of Columbia, Maryland, Pennsylvania, Virginia, West Virginia, New Jersey"
1/5/2025,2021,3,Region 2,Fentanyl,3/31/2021,6415,"Delaware, District of Columbia, Maryland, Pennsylvania, Virginia, West Virginia, New Jersey"
1/5/2025,2021,4,Region 2,Fentanyl,4/30/2021,6455,"Delaware, District of Columbia, Maryland, Pennsylvania, Virginia, West Virginia, New Jersey"
1/5/2025,2021,5,Region 2,Fentanyl,5/31/2021,6375,"Delaware, District of Columbia, Maryland, Pennsylvania, Virginia, West Virginia, New Jersey"
1/5/2025,2021,6,Region 2,Fentanyl,6/30/2021,6471,"Delaware, District of Columbia, Maryland, Pennsylvania, Virginia, West Virginia, New Jersey"
1/5/2025,2021,7,Region 2,Fentanyl,7/31/2021,6569,"Delaware, District of Columbia, Maryland, Pennsylvania, Virginia, West Virginia, New Jersey"
1/5/2025,2021,8,Region 2,Fentanyl,8/31/2021,6677,"Delaware, District of Columbia, Maryland, Pennsylvania, Virginia, West Virginia, New Jersey"
1/5/2025,2021,9,Region 2,Fentanyl,9/30/2021,6833,"Delaware, District of Columbia, Maryland, Pennsylvania, Virginia, West Virginia, New Jersey"
1/5/2025,2021,10,Region 2,Fentanyl,10/31/2021,6979,"Delaware, District of Columbia, Maryland, Pennsylvania, Virginia, West Virginia, New Jersey"
1/5/2025,2021,11,Region 2,Fentanyl,11/30/2021,7037,"Delaware, District of Columbia, Maryland, Pennsylvania, Virginia, West Virginia, New Jersey"
1/5/2025,2021,12,Region 2,Fentanyl,12/31/2021,7148,"Delaware, District of Columbia, Maryland, Pennsylvania, Virginia, West Virginia, New Jersey"
1/5/2025,2022,1,Region 2,Fentanyl,1/31/2022,7155,"Delaware, District of Columbia, Maryland, Pennsylvania, Virginia, West Virginia, New Jersey"
1/5/2025,2022,2,Region 2,Fentanyl,2/28/2022,7214,"Delaware, District of Columbia, Maryland, Pennsylvania, Virginia, West Virginia, New Jersey"
1/5/2025,2022,3,Region 2,Fentanyl,3/31/2022,7170,"Delaware, District of Columbia, Maryland, Pennsylvania, Virginia, West Virginia, New Jersey"
1/5/2025,2022,4,Region 2,Fentanyl,4/30/2022,7194,"Delaware, District of Columbia, Maryland, Pennsylvania, Virginia, West Virginia, New Jersey"
1/5/2025,2022,5,Region 2,Fentanyl,5/31/2022,7238,"Delaware, District of Columbia, Maryland, Pennsylvania, Virginia, West Virginia, New Jersey"
1/5/2025,2022,6,Region 2,Fentanyl,6/30/2022,7210,"Delaware, District of Columbia, Maryland, Pennsylvania, Virginia, West Virginia, New Jersey"
1/5/2025,2022,7,Region 2,Fentanyl,7/31/2022,7243,"Delaware, District of Columbia, Maryland, Pennsylvania, Virginia, West Virginia, New Jersey"
1/5/2025,2022,8,Region 2,Fentanyl,8/31/2022,7236,"Delaware, District of Columbia, Maryland, Pennsylvania, Virginia, West Virginia, New Jersey"
1/5/2025,2022,9,Region 2,Fentanyl,9/30/2022,7247,"Delaware, District of Columbia, Maryland, Pennsylvania, Virginia, West Virginia, New Jersey"
1/5/2025,2022,10,Region 2,Fentanyl,10/31/2022,7255,"Delaware, District of Columbia, Maryland, Pennsylvania, Virginia, West Virginia, New Jersey"
1/5/2025,2022,11,Region 2,Fentanyl,11/30/2022,7345,"Delaware, District of Columbia, Maryland, Pennsylvania, Virginia, West Virginia, New Jersey"
1/5/2025,2022,12,Region 2,Fentanyl,12/31/2022,7398,"Delaware, District of Columbia, Maryland, Pennsylvania, Virginia, West Virginia, New Jersey"
1/5/2025,2023,1,Region 2,Fentanyl,1/31/2023,7407,"Delaware, District of Columbia, Maryland, Pennsylvania, Virginia, West Virginia, New Jersey"
1/5/2025,2023,2,Region 2,Fentanyl,2/28/2023,7417,"Delaware, District of Columbia, Maryland, Pennsylvania, Virginia, West Virginia, New Jersey"
1/5/2025,2023,3,Region 2,Fentanyl,3/31/2023,7427,"Delaware, District of Columbia, Maryland, Pennsylvania, Virginia, West Virginia, New Jersey"
1/5/2025,2023,4,Region 2,Fentanyl,4/30/2023,7536,"Delaware, District of Columbia, Maryland, Pennsylvania, Virginia, West Virginia, New Jersey"
1/5/2025,2023,5,Region 2,Fentanyl,5/31/2023,7574,"Delaware, District of Columbia, Maryland, Pennsylvania, Virginia, West Virginia, New Jersey"
1/5/2025,2023,6,Region 2,Fentanyl,6/30/2023,7634,"Delaware, District of Columbia, Maryland, Pennsylvania, Virginia, West Virginia, New Jersey"
1/5/2025,2023,7,Region 2,Fentanyl,7/31/2023,7588,"Delaware, District of Columbia, Maryland, Pennsylvania, Virginia, West Virginia, New Jersey"
1/5/2025,2023,8,Region 2,Fentanyl,8/31/2023,7600,"Delaware, District of Columbia, Maryland, Pennsylvania, Virginia, West Virginia, New Jersey"
1/5/2025,2023,9,Region 2,Fentanyl,9/30/2023,7496,"Delaware, District of Columbia, Maryland, Pennsylvania, Virginia, West Virginia, New Jersey"
1/5/2025,2023,10,Region 2,Fentanyl,10/31/2023,7433,"Delaware, District of Columbia, Maryland, Pennsylvania, Virginia, West Virginia, New Jersey"
1/5/2025,2023,11,Region 2,Fentanyl,11/30/2023,7289,"Delaware, District of Columbia, Maryland, Pennsylvania, Virginia, West Virginia, New Jersey"
1/5/2025,2023,12,Region 2,Fentanyl,12/31/2023,7192,"Delaware, District of Columbia, Maryland, Pennsylvania, Virginia, West Virginia, New Jersey"
1/5/2025,2024,1,Region 2,Fentanyl,1/31/2024,7042,"Delaware, District of Columbia, Maryland, Pennsylvania, Virginia, West Virginia, New Jersey"
1/5/2025,2024,2,Region 2,Fentanyl,2/29/2024,6930,"Delaware, District of Columbia, Maryland, Pennsylvania, Virginia, West Virginia, New Jersey"
1/5/2025,2024,3,Region 2,Fentanyl,3/31/2024,6752,"Delaware, District of Columbia, Maryland, Pennsylvania, Virginia, West Virginia, New Jersey"
1/5/2025,2024,4,Region 2,Fentanyl,4/30/2024,6516,"Delaware, District of Columbia, Maryland, Pennsylvania, Virginia, West Virginia, New Jersey"
1/5/2025,2024,5,Region 2,Fentanyl,5/31/2024,6251,"Delaware, District of Columbia, Maryland, Pennsylvania, Virginia, West Virginia, New Jersey"
1/5/2025,2024,6,Region 2,Fentanyl,6/30/2024,5928,"Delaware, District of Columbia, Maryland, Pennsylvania, Virginia, West Virginia, New Jersey"
1/5/2025,2019,1,Region 3,Fentanyl,1/31/2019,6069,"North Carolina, South Carolina, Georgia, Florida"
1/5/2025,2019,2,Region 3,Fentanyl,2/28/2019,6079,"North Carolina, South Carolina, Georgia, Florida"
1/5/2025,2019,3,Region 3,Fentanyl,3/31/2019,6072,"North Carolina, South Carolina, Georgia, Florida"
1/5/2025,2019,4,Region 3,Fentanyl,4/30/2019,6081,"North Carolina, South Carolina, Georgia, Florida"
1/5/2025,2019,5,Region 3,Fentanyl,5/31/2019,6037,"North Carolina, South Carolina, Georgia, Florida"
1/5/2025,2019,6,Region 3,Fentanyl,6/30/2019,6037,"North Carolina, South Carolina, Georgia, Florida"
1/5/2025,2019,7,Region 3,Fentanyl,7/31/2019,6071,"North Carolina, South Carolina, Georgia, Florida"
1/5/2025,2019,8,Region 3,Fentanyl,8/31/2019,6148,"North Carolina, South Carolina, Georgia, Florida"
1/5/2025,2019,9,Region 3,Fentanyl,9/30/2019,6188,"North Carolina, South Carolina, Georgia, Florida"
1/5/2025,2019,10,Region 3,Fentanyl,10/31/2019,6262,"North Carolina, South Carolina, Georgia, Florida"
1/5/2025,2019,11,Region 3,Fentanyl,11/30/2019,6420,"North Carolina, South Carolina, Georgia, Florida"
1/5/2025,2019,12,Region 3,Fentanyl,12/31/2019,6596,"North Carolina, South Carolina, Georgia, Florida"
1/5/2025,2020,1,Region 3,Fentanyl,1/31/2020,6721,"North Carolina, South Carolina, Georgia, Florida"
1/5/2025,2020,2,Region 3,Fentanyl,2/29/2020,6869,"North Carolina, South Carolina, Georgia, Florida"
1/5/2025,2020,3,Region 3,Fentanyl,3/31/2020,7025,"North Carolina, South Carolina, Georgia, Florida"
1/5/2025,2020,4,Region 3,Fentanyl,4/30/2020,7278,"North Carolina, South Carolina, Georgia, Florida"
1/5/2025,2020,5,Region 3,Fentanyl,5/31/2020,7702,"North Carolina, South Carolina, Georgia, Florida"
1/5/2025,2020,6,Region 3,Fentanyl,6/30/2020,7978,"North Carolina, South Carolina, Georgia, Florida"
1/5/2025,2020,7,Region 3,Fentanyl,7/31/2020,8262,"North Carolina, South Carolina, Georgia, Florida"
1/5/2025,2020,8,Region 3,Fentanyl,8/31/2020,8477,"North Carolina, South Carolina, Georgia, Florida"
1/5/2025,2020,9,Region 3,Fentanyl,9/30/2020,8749,"North Carolina, South Carolina, Georgia, Florida"
1/5/2025,2020,10,Region 3,Fentanyl,10/31/2020,8912,"North Carolina, South Carolina, Georgia, Florida"
1/5/2025,2020,11,Region 3,Fentanyl,11/30/2020,9055,"North Carolina, South Carolina, Georgia, Florida"
1/5/2025,2020,12,Region 3,Fentanyl,12/31/2020,9146,"North Carolina, South Carolina, Georgia, Florida"
1/5/2025,2021,1,Region 3,Fentanyl,1/31/2021,9386,"North Carolina, South Carolina, Georgia, Florida"
1/5/2025,2021,2,Region 3,Fentanyl,2/28/2021,9536,"North Carolina, South Carolina, Georgia, Florida"
1/5/2025,2021,3,Region 3,Fentanyl,3/31/2021,9722,"North Carolina, South Carolina, Georgia, Florida"
1/5/2025,2021,4,Region 3,Fentanyl,4/30/2021,9786,"North Carolina, South Carolina, Georgia, Florida"
1/5/2025,2021,5,Region 3,Fentanyl,5/31/2021,9768,"North Carolina, South Carolina, Georgia, Florida"
1/5/2025,2021,6,Region 3,Fentanyl,6/30/2021,9791,"North Carolina, South Carolina, Georgia, Florida"
1/5/2025,2021,7,Region 3,Fentanyl,7/31/2021,9843,"North Carolina, South Carolina, Georgia, Florida"
1/5/2025,2021,8,Region 3,Fentanyl,8/31/2021,9839,"North Carolina, South Carolina, Georgia, Florida"
1/5/2025,2021,9,Region 3,Fentanyl,9/30/2021,9825,"North Carolina, South Carolina, Georgia, Florida"
1/5/2025,2021,10,Region 3,Fentanyl,10/31/2021,9833,"North Carolina, South Carolina, Georgia, Florida"
1/5/2025,2021,11,Region 3,Fentanyl,11/30/2021,9826,"North Carolina, South Carolina, Georgia, Florida"
1/5/2025,2021,12,Region 3,Fentanyl,12/31/2021,9893,"North Carolina, South Carolina, Georgia, Florida"
1/5/2025,2022,1,Region 3,Fentanyl,1/31/2022,9846,"North Carolina, South Carolina, Georgia, Florida"
1/5/2025,2022,2,Region 3,Fentanyl,2/28/2022,9842,"North Carolina, South Carolina, Georgia, Florida"
1/5/2025,2022,3,Region 3,Fentanyl,3/31/2022,9798,"North Carolina, South Carolina, Georgia, Florida"
1/5/2025,2022,4,Region 3,Fentanyl,4/30/2022,9673,"North Carolina, South Carolina, Georgia, Florida"
1/5/2025,2022,5,Region 3,Fentanyl,5/31/2022,9537,"North Carolina, South Carolina, Georgia, Florida"
1/5/2025,2022,6,Region 3,Fentanyl,6/30/2022,9489,"North Carolina, South Carolina, Georgia, Florida"
1/5/2025,2022,7,Region 3,Fentanyl,7/31/2022,9406,"North Carolina, South Carolina, Georgia, Florida"
1/5/2025,2022,8,Region 3,Fentanyl,8/31/2022,9446,"North Carolina, South Carolina, Georgia, Florida"
1/5/2025,2022,9,Region 3,Fentanyl,9/30/2022,9365,"North Carolina, South Carolina, Georgia, Florida"
1/5/2025,2022,10,Region 3,Fentanyl,10/31/2022,9417,"North Carolina, South Carolina, Georgia, Florida"
1/5/2025,2022,11,Region 3,Fentanyl,11/30/2022,9470,"North Carolina, South Carolina, Georgia, Florida"
1/5/2025,2022,12,Region 3,Fentanyl,12/31/2022,9535,"North Carolina, South Carolina, Georgia, Florida"
1/5/2025,2023,1,Region 3,Fentanyl,1/31/2023,9570,"North Carolina, South Carolina, Georgia, Florida"
1/5/2025,2023,2,Region 3,Fentanyl,2/28/2023,9550,"North Carolina, South Carolina, Georgia, Florida"
1/5/2025,2023,3,Region 3,Fentanyl,3/31/2023,9587,"North Carolina, South Carolina, Georgia, Florida"
1/5/2025,2023,4,Region 3,Fentanyl,4/30/2023,9643,"North Carolina, South Carolina, Georgia, Florida"
1/5/2025,2023,5,Region 3,Fentanyl,5/31/2023,9687,"North Carolina, South Carolina, Georgia, Florida"
1/5/2025,2023,6,Region 3,Fentanyl,6/30/2023,9686,"North Carolina, South Carolina, Georgia, Florida"
1/5/2025,2023,7,Region 3,Fentanyl,7/31/2023,9710,"North Carolina, South Carolina, Georgia, Florida"
1/5/2025,2023,8,Region 3,Fentanyl,8/31/2023,9565,"North Carolina, South Carolina, Georgia, Florida"
1/5/2025,2023,9,Region 3,Fentanyl,9/30/2023,9486,"North Carolina, South Carolina, Georgia, Florida"
1/5/2025,2023,10,Region 3,Fentanyl,10/31/2023,9420,"North Carolina, South Carolina, Georgia, Florida"
1/5/2025,2023,11,Region 3,Fentanyl,11/30/2023,9273,"North Carolina, South Carolina, Georgia, Florida"
1/5/2025,2023,12,Region 3,Fentanyl,12/31/2023,9080,"North Carolina, South Carolina, Georgia, Florida"
1/5/2025,2024,1,Region 3,Fentanyl,1/31/2024,8798,"North Carolina, South Carolina, Georgia, Florida"
1/5/2025,2024,2,Region 3,Fentanyl,2/29/2024,8611,"North Carolina, South Carolina, Georgia, Florida"
1/5/2025,2024,3,Region 3,Fentanyl,3/31/2024,8263,"North Carolina, South Carolina, Georgia, Florida"
1/5/2025,2024,4,Region 3,Fentanyl,4/30/2024,7967,"North Carolina, South Carolina, Georgia, Florida"
1/5/2025,2024,5,Region 3,Fentanyl,5/31/2024,7637,"North Carolina, South Carolina, Georgia, Florida"
1/5/2025,2024,6,Region 3,Fentanyl,6/30/2024,7325,"North Carolina, South Carolina, Georgia, Florida"
1/5/2025,2019,1,Region 4,Fentanyl,1/31/2019,5747,"Kentucky, Tennessee, Alabama, Mississippi"
1/5/2025,2019,2,Region 4,Fentanyl,2/28/2019,5773,"Kentucky, Tennessee, Alabama, Mississippi"
1/5/2025,2019,3,Region 4,Fentanyl,3/31/2019,5933,"Kentucky, Tennessee, Alabama, Mississippi"
1/5/2025,2019,4,Region 4,Fentanyl,4/30/2019,6046,"Kentucky, Tennessee, Alabama, Mississippi"
1/5/2025,2019,5,Region 4,Fentanyl,5/31/2019,6090,"Kentucky, Tennessee, Alabama, Mississippi"
1/5/2025,2019,6,Region 4,Fentanyl,6/30/2019,6219,"Kentucky, Tennessee, Alabama, Mississippi"
1/5/2025,2019,7,Region 4,Fentanyl,7/31/2019,6342,"Kentucky, Tennessee, Alabama, Mississippi"
1/5/2025,2019,8,Region 4,Fentanyl,8/31/2019,6468,"Kentucky, Tennessee, Alabama, Mississippi"
1/5/2025,2019,9,Region 4,Fentanyl,9/30/2019,6684,"Kentucky, Tennessee, Alabama, Mississippi"
1/5/2025,2019,10,Region 4,Fentanyl,10/31/2019,6896,"Kentucky, Tennessee, Alabama, Mississippi"
1/5/2025,2019,11,Region 4,Fentanyl,11/30/2019,7068,"Kentucky, Tennessee, Alabama, Mississippi"
1/5/2025,2019,12,Region 4,Fentanyl,12/31/2019,7286,"Kentucky, Tennessee, Alabama, Mississippi"
1/5/2025,2020,1,Region 4,Fentanyl,1/31/2020,7469,"Kentucky, Tennessee, Alabama, Mississippi"
1/5/2025,2020,2,Region 4,Fentanyl,2/29/2020,7741,"Kentucky, Tennessee, Alabama, Mississippi"
1/5/2025,2020,3,Region 4,Fentanyl,3/31/2020,8161,"Kentucky, Tennessee, Alabama, Mississippi"
1/5/2025,2020,4,Region 4,Fentanyl,4/30/2020,8772,"Kentucky, Tennessee, Alabama, Mississippi"
1/5/2025,2020,5,Region 4,Fentanyl,5/31/2020,9802,"Kentucky, Tennessee, Alabama, Mississippi"
1/5/2025,2020,6,Region 4,Fentanyl,6/30/2020,10433,"Kentucky, Tennessee, Alabama, Mississippi"
1/5/2025,2020,7,Region 4,Fentanyl,7/31/2020,11021,"Kentucky, Tennessee, Alabama, Mississippi"
1/5/2025,2020,8,Region 4,Fentanyl,8/31/2020,11605,"Kentucky, Tennessee, Alabama, Mississippi"
1/5/2025,2020,9,Region 4,Fentanyl,9/30/2020,12060,"Kentucky, Tennessee, Alabama, Mississippi"
1/5/2025,2020,10,Region 4,Fentanyl,10/31/2020,12431,"Kentucky, Tennessee, Alabama, Mississippi"
1/5/2025,2020,11,Region 4,Fentanyl,11/30/2020,12860,"Kentucky, Tennessee, Alabama, Mississippi"
1/5/2025,2020,12,Region 4,Fentanyl,12/31/2020,13273,"Kentucky, Tennessee, Alabama, Mississippi"
1/5/2025,2021,1,Region 4,Fentanyl,1/31/2021,13902,"Kentucky, Tennessee, Alabama, Mississippi"
1/5/2025,2021,2,Region 4,Fentanyl,2/28/2021,14363,"Kentucky, Tennessee, Alabama, Mississippi"
1/5/2025,2021,3,Region 4,Fentanyl,3/31/2021,14906,"Kentucky, Tennessee, Alabama, Mississippi"
1/5/2025,2021,4,Region 4,Fentanyl,4/30/2021,15380,"Kentucky, Tennessee, Alabama, Mississippi"
1/5/2025,2021,5,Region 4,Fentanyl,5/31/2021,15335,"Kentucky, Tennessee, Alabama, Mississippi"
1/5/2025,2021,6,Region 4,Fentanyl,6/30/2021,15596,"Kentucky, Tennessee, Alabama, Mississippi"
1/5/2025,2021,7,Region 4,Fentanyl,7/31/2021,15812,"Kentucky, Tennessee, Alabama, Mississippi"
1/5/2025,2021,8,Region 4,Fentanyl,8/31/2021,16068,"Kentucky, Tennessee, Alabama, Mississippi"
1/5/2025,2021,9,Region 4,Fentanyl,9/30/2021,16397,"Kentucky, Tennessee, Alabama, Mississippi"
1/5/2025,2021,10,Region 4,Fentanyl,10/31/2021,16812,"Kentucky, Tennessee, Alabama, Mississippi"
1/5/2025,2021,11,Region 4,Fentanyl,11/30/2021,17034,"Kentucky, Tennessee, Alabama, Mississippi"
1/5/2025,2021,12,Region 4,Fentanyl,12/31/2021,17390,"Kentucky, Tennessee, Alabama, Mississippi"
1/5/2025,2022,1,Region 4,Fentanyl,1/31/2022,17368,"Kentucky, Tennessee, Alabama, Mississippi"
1/5/2025,2022,2,Region 4,Fentanyl,2/28/2022,17575,"Kentucky, Tennessee, Alabama, Mississippi"
1/5/2025,2022,3,Region 4,Fentanyl,3/31/2022,17634,"Kentucky, Tennessee, Alabama, Mississippi"
1/5/2025,2022,4,Region 4,Fentanyl,4/30/2022,17502,"Kentucky, Tennessee, Alabama, Mississippi"
1/5/2025,2022,5,Region 4,Fentanyl,5/31/2022,17490,"Kentucky, Tennessee, Alabama, Mississippi"
1/5/2025,2022,6,Region 4,Fentanyl,6/30/2022,17476,"Kentucky, Tennessee, Alabama, Mississippi"
1/5/2025,2022,7,Region 4,Fentanyl,7/31/2022,17630,"Kentucky, Tennessee, Alabama, Mississippi"
1/5/2025,2022,8,Region 4,Fentanyl,8/31/2022,17728,"Kentucky, Tennessee, Alabama, Mississippi"
1/5/2025,2022,9,Region 4,Fentanyl,9/30/2022,17780,"Kentucky, Tennessee, Alabama, Mississippi"
1/5/2025,2022,10,Region 4,Fentanyl,10/31/2022,17854,"Kentucky, Tennessee, Alabama, Mississippi"
1/5/2025,2022,11,Region 4,Fentanyl,11/30/2022,17977,"Kentucky, Tennessee, Alabama, Mississippi"
1/5/2025,2022,12,Region 4,Fentanyl,12/31/2022,18018,"Kentucky, Tennessee, Alabama, Mississippi"
1/5/2025,2023,1,Region 4,Fentanyl,1/31/2023,18179,"Kentucky, Tennessee, Alabama, Mississippi"
1/5/2025,2023,2,Region 4,Fentanyl,2/28/2023,18202,"Kentucky, Tennessee, Alabama, Mississippi"
1/5/2025,2023,3,Region 4,Fentanyl,3/31/2023,18173,"Kentucky, Tennessee, Alabama, Mississippi"
1/5/2025,2023,4,Region 4,Fentanyl,4/30/2023,18196,"Kentucky, Tennessee, Alabama, Mississippi"
1/5/2025,2023,5,Region 4,Fentanyl,5/31/2023,18317,"Kentucky, Tennessee, Alabama, Mississippi"
1/5/2025,2023,6,Region 4,Fentanyl,6/30/2023,18292,"Kentucky, Tennessee, Alabama, Mississippi"
1/5/2025,2023,7,Region 4,Fentanyl,7/31/2023,18138,"Kentucky, Tennessee, Alabama, Mississippi"
1/5/2025,2023,8,Region 4,Fentanyl,8/31/2023,18064,"Kentucky, Tennessee, Alabama, Mississippi"
1/5/2025,2023,9,Region 4,Fentanyl,9/30/2023,17912,"Kentucky, Tennessee, Alabama, Mississippi"
1/5/2025,2023,10,Region 4,Fentanyl,10/31/2023,17631,"Kentucky, Tennessee, Alabama, Mississippi"
1/5/2025,2023,11,Region 4,Fentanyl,11/30/2023,17342,"Kentucky, Tennessee, Alabama, Mississippi"
1/5/2025,2023,12,Region 4,Fentanyl,12/31/2023,17046,"Kentucky, Tennessee, Alabama, Mississippi"
1/5/2025,2024,1,Region 4,Fentanyl,1/31/2024,16693,"Kentucky, Tennessee, Alabama, Mississippi"
1/5/2025,2024,2,Region 4,Fentanyl,2/29/2024,16260,"Kentucky, Tennessee, Alabama, Mississippi"
1/5/2025,2024,3,Region 4,Fentanyl,3/31/2024,15641,"Kentucky, Tennessee, Alabama, Mississippi"
1/5/2025,2024,4,Region 4,Fentanyl,4/30/2024,15032,"Kentucky, Tennessee, Alabama, Mississippi"
1/5/2025,2024,5,Region 4,Fentanyl,5/31/2024,14318,"Kentucky, Tennessee, Alabama, Mississippi"
1/5/2025,2024,6,Region 4,Fentanyl,6/30/2024,13646,"Kentucky, Tennessee, Alabama, Mississippi"
1/5/2025,2019,1,Region 5,Fentanyl,1/31/2019,7207,"Illinois, Indiana, Michigan, Minnesota, Ohio, Wisconsin"
1/5/2025,2019,2,Region 5,Fentanyl,2/28/2019,7187,"Illinois, Indiana, Michigan, Minnesota, Ohio, Wisconsin"
1/5/2025,2019,3,Region 5,Fentanyl,3/31/2019,7240,"Illinois, Indiana, Michigan, Minnesota, Ohio, Wisconsin"
1/5/2025,2019,4,Region 5,Fentanyl,4/30/2019,7297,"Illinois, Indiana, Michigan, Minnesota, Ohio, Wisconsin"
1/5/2025,2019,5,Region 5,Fentanyl,5/31/2019,7450,"Illinois, Indiana, Michigan, Minnesota, Ohio, Wisconsin"
1/5/2025,2019,6,Region 5,Fentanyl,6/30/2019,7479,"Illinois, Indiana, Michigan, Minnesota, Ohio, Wisconsin"
1/5/2025,2019,7,Region 5,Fentanyl,7/31/2019,7506,"Illinois, Indiana, Michigan, Minnesota, Ohio, Wisconsin"
1/5/2025,2019,8,Region 5,Fentanyl,8/31/2019,7554,"Illinois, Indiana, Michigan, Minnesota, Ohio, Wisconsin"
1/5/2025,2019,9,Region 5,Fentanyl,9/30/2019,7640,"Illinois, Indiana, Michigan, Minnesota, Ohio, Wisconsin"
1/5/2025,2019,10,Region 5,Fentanyl,10/31/2019,7747,"Illinois, Indiana, Michigan, Minnesota, Ohio, Wisconsin"
1/5/2025,2019,11,Region 5,Fentanyl,11/30/2019,7974,"Illinois, Indiana, Michigan, Minnesota, Ohio, Wisconsin"
1/5/2025,2019,12,Region 5,Fentanyl,12/31/2019,8069,"Illinois, Indiana, Michigan, Minnesota, Ohio, Wisconsin"
1/5/2025,2020,1,Region 5,Fentanyl,1/31/2020,8230,"Illinois, Indiana, Michigan, Minnesota, Ohio, Wisconsin"
1/5/2025,2020,2,Region 5,Fentanyl,2/29/2020,8483,"Illinois, Indiana, Michigan, Minnesota, Ohio, Wisconsin"
1/5/2025,2020,3,Region 5,Fentanyl,3/31/2020,8594,"Illinois, Indiana, Michigan, Minnesota, Ohio, Wisconsin"
1/5/2025,2020,4,Region 5,Fentanyl,4/30/2020,8973,"Illinois, Indiana, Michigan, Minnesota, Ohio, Wisconsin"
1/5/2025,2020,5,Region 5,Fentanyl,5/31/2020,9655,"Illinois, Indiana, Michigan, Minnesota, Ohio, Wisconsin"
1/5/2025,2020,6,Region 5,Fentanyl,6/30/2020,10174,"Illinois, Indiana, Michigan, Minnesota, Ohio, Wisconsin"
1/5/2025,2020,7,Region 5,Fentanyl,7/31/2020,10476,"Illinois, Indiana, Michigan, Minnesota, Ohio, Wisconsin"
1/5/2025,2020,8,Region 5,Fentanyl,8/31/2020,10742,"Illinois, Indiana, Michigan, Minnesota, Ohio, Wisconsin"
1/5/2025,2020,9,Region 5,Fentanyl,9/30/2020,11022,"Illinois, Indiana, Michigan, Minnesota, Ohio, Wisconsin"
1/5/2025,2020,10,Region 5,Fentanyl,10/31/2020,11240,"Illinois, Indiana, Michigan, Minnesota, Ohio, Wisconsin"
1/5/2025,2020,11,Region 5,Fentanyl,11/30/2020,11373,"Illinois, Indiana, Michigan, Minnesota, Ohio, Wisconsin"
1/5/2025,2020,12,Region 5,Fentanyl,12/31/2020,11625,"Illinois, Indiana, Michigan, Minnesota, Ohio, Wisconsin"
1/5/2025,2021,1,Region 5,Fentanyl,1/31/2021,11908,"Illinois, Indiana, Michigan, Minnesota, Ohio, Wisconsin"
1/5/2025,2021,2,Region 5,Fentanyl,2/28/2021,11996,"Illinois, Indiana, Michigan, Minnesota, Ohio, Wisconsin"
1/5/2025,2021,3,Region 5,Fentanyl,3/31/2021,12398,"Illinois, Indiana, Michigan, Minnesota, Ohio, Wisconsin"
1/5/2025,2021,4,Region 5,Fentanyl,4/30/2021,12652,"Illinois, Indiana, Michigan, Minnesota, Ohio, Wisconsin"
1/5/2025,2021,5,Region 5,Fentanyl,5/31/2021,12406,"Illinois, Indiana, Michigan, Minnesota, Ohio, Wisconsin"
1/5/2025,2021,6,Region 5,Fentanyl,6/30/2021,12306,"Illinois, Indiana, Michigan, Minnesota, Ohio, Wisconsin"
1/5/2025,2021,7,Region 5,Fentanyl,7/31/2021,12476,"Illinois, Indiana, Michigan, Minnesota, Ohio, Wisconsin"
1/5/2025,2021,8,Region 5,Fentanyl,8/31/2021,12686,"Illinois, Indiana, Michigan, Minnesota, Ohio, Wisconsin"
1/5/2025,2021,9,Region 5,Fentanyl,9/30/2021,12818,"Illinois, Indiana, Michigan, Minnesota, Ohio, Wisconsin"
1/5/2025,2021,10,Region 5,Fentanyl,10/31/2021,12971,"Illinois, Indiana, Michigan, Minnesota, Ohio, Wisconsin"
1/5/2025,2021,11,Region 5,Fentanyl,11/30/2021,13156,"Illinois, Indiana, Michigan, Minnesota, Ohio, Wisconsin"
1/5/2025,2021,12,Region 5,Fentanyl,12/31/2021,13277,"Illinois, Indiana, Michigan, Minnesota, Ohio, Wisconsin"
1/5/2025,2022,1,Region 5,Fentanyl,1/31/2022,13458,"Illinois, Indiana, Michigan, Minnesota, Ohio, Wisconsin"
1/5/2025,2022,2,Region 5,Fentanyl,2/28/2022,13637,"Illinois, Indiana, Michigan, Minnesota, Ohio, Wisconsin"
1/5/2025,2022,3,Region 5,Fentanyl,3/31/2022,13562,"Illinois, Indiana, Michigan, Minnesota, Ohio, Wisconsin"
1/5/2025,2022,4,Region 5,Fentanyl,4/30/2022,13331,"Illinois, Indiana, Michigan, Minnesota, Ohio, Wisconsin"
1/5/2025,2022,5,Region 5,Fentanyl,5/31/2022,13235,"Illinois, Indiana, Michigan, Minnesota, Ohio, Wisconsin"
1/5/2025,2022,6,Region 5,Fentanyl,6/30/2022,13244,"Illinois, Indiana, Michigan, Minnesota, Ohio, Wisconsin"
1/5/2025,2022,7,Region 5,Fentanyl,7/31/2022,13196,"Illinois, Indiana, Michigan, Minnesota, Ohio, Wisconsin"
1/5/2025,2022,8,Region 5,Fentanyl,8/31/2022,13200,"Illinois, Indiana, Michigan, Minnesota, Ohio, Wisconsin"
1/5/2025,2022,9,Region 5,Fentanyl,9/30/2022,13120,"Illinois, Indiana, Michigan, Minnesota, Ohio, Wisconsin"
1/5/2025,2022,10,Region 5,Fentanyl,10/31/2022,13214,"Illinois, Indiana, Michigan, Minnesota, Ohio, Wisconsin"
1/5/2025,2022,11,Region 5,Fentanyl,11/30/2022,13227,"Illinois, Indiana, Michigan, Minnesota, Ohio, Wisconsin"
1/5/2025,2022,12,Region 5,Fentanyl,12/31/2022,13280,"Illinois, Indiana, Michigan, Minnesota, Ohio, Wisconsin"
1/5/2025,2023,1,Region 5,Fentanyl,1/31/2023,13213,"Illinois, Indiana, Michigan, Minnesota, Ohio, Wisconsin"
1/5/2025,2023,2,Region 5,Fentanyl,2/28/2023,13203,"Illinois, Indiana, Michigan, Minnesota, Ohio, Wisconsin"
1/5/2025,2023,3,Region 5,Fentanyl,3/31/2023,13218,"Illinois, Indiana, Michigan, Minnesota, Ohio, Wisconsin"
1/5/2025,2023,4,Region 5,Fentanyl,4/30/2023,13282,"Illinois, Indiana, Michigan, Minnesota, Ohio, Wisconsin"
1/5/2025,2023,5,Region 5,Fentanyl,5/31/2023,13322,"Illinois, Indiana, Michigan, Minnesota, Ohio, Wisconsin"
1/5/2025,2023,6,Region 5,Fentanyl,6/30/2023,13290,"Illinois, Indiana, Michigan, Minnesota, Ohio, Wisconsin"
1/5/2025,2023,7,Region 5,Fentanyl,7/31/2023,13186,"Illinois, Indiana, Michigan, Minnesota, Ohio, Wisconsin"
1/5/2025,2023,8,Region 5,Fentanyl,8/31/2023,13084,"Illinois, Indiana, Michigan, Minnesota, Ohio, Wisconsin"
1/5/2025,2023,9,Region 5,Fentanyl,9/30/2023,12992,"Illinois, Indiana, Michigan, Minnesota, Ohio, Wisconsin"
1/5/2025,2023,10,Region 5,Fentanyl,10/31/2023,12716,"Illinois, Indiana, Michigan, Minnesota, Ohio, Wisconsin"
1/5/2025,2023,11,Region 5,Fentanyl,11/30/2023,12400,"Illinois, Indiana, Michigan, Minnesota, Ohio, Wisconsin"
1/5/2025,2023,12,Region 5,Fentanyl,12/31/2023,12092,"Illinois, Indiana, Michigan, Minnesota, Ohio, Wisconsin"
1/5/2025,2024,1,Region 5,Fentanyl,1/31/2024,11734,"Illinois, Indiana, Michigan, Minnesota, Ohio, Wisconsin"
1/5/2025,2024,2,Region 5,Fentanyl,2/29/2024,11376,"Illinois, Indiana, Michigan, Minnesota, Ohio, Wisconsin"
1/5/2025,2024,3,Region 5,Fentanyl,3/31/2024,10954,"Illinois, Indiana, Michigan, Minnesota, Ohio, Wisconsin"
1/5/2025,2024,4,Region 5,Fentanyl,4/30/2024,10547,"Illinois, Indiana, Michigan, Minnesota, Ohio, Wisconsin"
1/5/2025,2024,5,Region 5,Fentanyl,5/31/2024,10083,"Illinois, Indiana, Michigan, Minnesota, Ohio, Wisconsin"
1/5/2025,2024,6,Region 5,Fentanyl,6/30/2024,9647,"Illinois, Indiana, Michigan, Minnesota, Ohio, Wisconsin"
1/5/2025,2021,4,Region 6,Fentanyl,4/30/2021,3027,"Arkansas, Louisiana, New Mexico, Oklahoma, Texas"
1/5/2025,2021,5,Region 6,Fentanyl,5/31/2021,3168,"Arkansas, Louisiana, New Mexico, Oklahoma, Texas"
1/5/2025,2021,6,Region 6,Fentanyl,6/30/2021,3277,"Arkansas, Louisiana, New Mexico, Oklahoma, Texas"
1/5/2025,2021,7,Region 6,Fentanyl,7/31/2021,3427,"Arkansas, Louisiana, New Mexico, Oklahoma, Texas"
1/5/2025,2021,8,Region 6,Fentanyl,8/31/2021,3544,"Arkansas, Louisiana, New Mexico, Oklahoma, Texas"
1/5/2025,2021,9,Region 6,Fentanyl,9/30/2021,3692,"Arkansas, Louisiana, New Mexico, Oklahoma, Texas"
1/5/2025,2021,10,Region 6,Fentanyl,10/31/2021,3829,"Arkansas, Louisiana, New Mexico, Oklahoma, Texas"
1/5/2025,2021,11,Region 6,Fentanyl,11/30/2021,3981,"Arkansas, Louisiana, New Mexico, Oklahoma, Texas"
1/5/2025,2021,12,Region 6,Fentanyl,12/31/2021,4106,"Arkansas, Louisiana, New Mexico, Oklahoma, Texas"
1/5/2025,2022,1,Region 6,Fentanyl,1/31/2022,4204,"Arkansas, Louisiana, New Mexico, Oklahoma, Texas"
1/5/2025,2022,2,Region 6,Fentanyl,2/28/2022,4361,"Arkansas, Louisiana, New Mexico, Oklahoma, Texas"
1/5/2025,2022,3,Region 6,Fentanyl,3/31/2022,4405,"Arkansas, Louisiana, New Mexico, Oklahoma, Texas"
1/5/2025,2022,4,Region 6,Fentanyl,4/30/2022,4465,"Arkansas, Louisiana, New Mexico, Oklahoma, Texas"
1/5/2025,2022,5,Region 6,Fentanyl,5/31/2022,4525,"Arkansas, Louisiana, New Mexico, Oklahoma, Texas"
1/5/2025,2022,6,Region 6,Fentanyl,6/30/2022,4580,"Arkansas, Louisiana, New Mexico, Oklahoma, Texas"
1/5/2025,2022,7,Region 6,Fentanyl,7/31/2022,4628,"Arkansas, Louisiana, New Mexico, Oklahoma, Texas"
1/5/2025,2022,8,Region 6,Fentanyl,8/31/2022,4677,"Arkansas, Louisiana, New Mexico, Oklahoma, Texas"
1/5/2025,2022,9,Region 6,Fentanyl,9/30/2022,4735,"Arkansas, Louisiana, New Mexico, Oklahoma, Texas"
1/5/2025,2022,10,Region 6,Fentanyl,10/31/2022,4882,"Arkansas, Louisiana, New Mexico, Oklahoma, Texas"
1/5/2025,2022,11,Region 6,Fentanyl,11/30/2022,4917,"Arkansas, Louisiana, New Mexico, Oklahoma, Texas"
1/5/2025,2022,12,Region 6,Fentanyl,12/31/2022,5028,"Arkansas, Louisiana, New Mexico, Oklahoma, Texas"
1/5/2025,2023,1,Region 6,Fentanyl,1/31/2023,5055,"Arkansas, Louisiana, New Mexico, Oklahoma, Texas"
1/5/2025,2023,2,Region 6,Fentanyl,2/28/2023,5039,"Arkansas, Louisiana, New Mexico, Oklahoma, Texas"
1/5/2025,2023,3,Region 6,Fentanyl,3/31/2023,5073,"Arkansas, Louisiana, New Mexico, Oklahoma, Texas"
1/5/2025,2023,4,Region 6,Fentanyl,4/30/2023,5133,"Arkansas, Louisiana, New Mexico, Oklahoma, Texas"
1/5/2025,2023,5,Region 6,Fentanyl,5/31/2023,5157,"Arkansas, Louisiana, New Mexico, Oklahoma, Texas"
1/5/2025,2023,6,Region 6,Fentanyl,6/30/2023,5206,"Arkansas, Louisiana, New Mexico, Oklahoma, Texas"
1/5/2025,2023,7,Region 6,Fentanyl,7/31/2023,5225,"Arkansas, Louisiana, New Mexico, Oklahoma, Texas"
1/5/2025,2023,8,Region 6,Fentanyl,8/31/2023,5253,"Arkansas, Louisiana, New Mexico, Oklahoma, Texas"
1/5/2025,2023,9,Region 6,Fentanyl,9/30/2023,5230,"Arkansas, Louisiana, New Mexico, Oklahoma, Texas"
1/5/2025,2023,10,Region 6,Fentanyl,10/31/2023,5150,"Arkansas, Louisiana, New Mexico, Oklahoma, Texas"
1/5/2025,2023,11,Region 6,Fentanyl,11/30/2023,5154,"Arkansas, Louisiana, New Mexico, Oklahoma, Texas"
1/5/2025,2023,12,Region 6,Fentanyl,12/31/2023,5052,"Arkansas, Louisiana, New Mexico, Oklahoma, Texas"
1/5/2025,2024,1,Region 6,Fentanyl,1/31/2024,5015,"Arkansas, Louisiana, New Mexico, Oklahoma, Texas"
1/5/2025,2024,2,Region 6,Fentanyl,2/29/2024,4947,"Arkansas, Louisiana, New Mexico, Oklahoma, Texas"
1/5/2025,2024,3,Region 6,Fentanyl,3/31/2024,4840,"Arkansas, Louisiana, New Mexico, Oklahoma, Texas"
1/5/2025,2024,4,Region 6,Fentanyl,4/30/2024,4712,"Arkansas, Louisiana, New Mexico, Oklahoma, Texas"
1/5/2025,2024,5,Region 6,Fentanyl,5/31/2024,4570,"Arkansas, Louisiana, New Mexico, Oklahoma, Texas"
1/5/2025,2024,6,Region 6,Fentanyl,6/30/2024,4395,"Arkansas, Louisiana, New Mexico, Oklahoma, Texas"
1/5/2025,2020,3,Region 9,Fentanyl,3/31/2020,3156,"Arizona, California, Hawaii, Nevada"
1/5/2025,2020,4,Region 9,Fentanyl,4/30/2020,3416,"Arizona, California, Hawaii, Nevada"
1/5/2025,2020,5,Region 9,Fentanyl,5/31/2020,3781,"Arizona, California, Hawaii, Nevada"
1/5/2025,2020,6,Region 9,Fentanyl,6/30/2020,4154,"Arizona, California, Hawaii, Nevada"
1/5/2025,2020,7,Region 9,Fentanyl,7/31/2020,4531,"Arizona, California, Hawaii, Nevada"
1/5/2025,2020,8,Region 9,Fentanyl,8/31/2020,4947,"Arizona, California, Hawaii, Nevada"
1/5/2025,2020,9,Region 9,Fentanyl,9/30/2020,5192,"Arizona, California, Hawaii, Nevada"
1/5/2025,2020,10,Region 9,Fentanyl,10/31/2020,5497,"Arizona, California, Hawaii, Nevada"
1/5/2025,2020,11,Region 9,Fentanyl,11/30/2020,5767,"Arizona, California, Hawaii, Nevada"
1/5/2025,2020,12,Region 9,Fentanyl,12/31/2020,6008,"Arizona, California, Hawaii, Nevada"
1/5/2025,2021,1,Region 9,Fentanyl,1/31/2021,6347,"Arizona, California, Hawaii, Nevada"
1/5/2025,2021,2,Region 9,Fentanyl,2/28/2021,6574,"Arizona, California, Hawaii, Nevada"
1/5/2025,2021,3,Region 9,Fentanyl,3/31/2021,6856,"Arizona, California, Hawaii, Nevada"
1/5/2025,2021,4,Region 9,Fentanyl,4/30/2021,7123,"Arizona, California, Hawaii, Nevada"
1/5/2025,2021,5,Region 9,Fentanyl,5/31/2021,7315,"Arizona, California, Hawaii, Nevada"
1/5/2025,2021,6,Region 9,Fentanyl,6/30/2021,7525,"Arizona, California, Hawaii, Nevada"
1/5/2025,2021,7,Region 9,Fentanyl,7/31/2021,7655,"Arizona, California, Hawaii, Nevada"
1/5/2025,2021,8,Region 9,Fentanyl,8/31/2021,7770,"Arizona, California, Hawaii, Nevada"
1/5/2025,2021,9,Region 9,Fentanyl,9/30/2021,8012,"Arizona, California, Hawaii, Nevada"
1/5/2025,2021,10,Region 9,Fentanyl,10/31/2021,8211,"Arizona, California, Hawaii, Nevada"
1/5/2025,2021,11,Region 9,Fentanyl,11/30/2021,8350,"Arizona, California, Hawaii, Nevada"
1/5/2025,2021,12,Region 9,Fentanyl,12/31/2021,8506,"Arizona, California, Hawaii, Nevada"
1/5/2025,2022,1,Region 9,Fentanyl,1/31/2022,8519,"Arizona, California, Hawaii, Nevada"
1/5/2025,2022,2,Region 9,Fentanyl,2/28/2022,8653,"Arizona, California, Hawaii, Nevada"
1/5/2025,2022,3,Region 9,Fentanyl,3/31/2022,8683,"Arizona, California, Hawaii, Nevada"
1/5/2025,2022,4,Region 9,Fentanyl,4/30/2022,8701,"Arizona, California, Hawaii, Nevada"
1/5/2025,2022,5,Region 9,Fentanyl,5/31/2022,8696,"Arizona, California, Hawaii, Nevada"
1/5/2025,2022,6,Region 9,Fentanyl,6/30/2022,8672,"Arizona, California, Hawaii, Nevada"
1/5/2025,2022,7,Region 9,Fentanyl,7/31/2022,8761,"Arizona, California, Hawaii, Nevada"
1/5/2025,2022,8,Region 9,Fentanyl,8/31/2022,8752,"Arizona, California, Hawaii, Nevada"
1/5/2025,2022,9,Region 9,Fentanyl,9/30/2022,8811,"Arizona, California, Hawaii, Nevada"
1/5/2025,2022,10,Region 9,Fentanyl,10/31/2022,8841,"Arizona, California, Hawaii, Nevada"
1/5/2025,2022,11,Region 9,Fentanyl,11/30/2022,8915,"Arizona, California, Hawaii, Nevada"
1/5/2025,2022,12,Region 9,Fentanyl,12/31/2022,9031,"Arizona, California, Hawaii, Nevada"
1/5/2025,2023,1,Region 9,Fentanyl,1/31/2023,9194,"Arizona, California, Hawaii, Nevada"
1/5/2025,2023,2,Region 9,Fentanyl,2/28/2023,9230,"Arizona, California, Hawaii, Nevada"
1/5/2025,2023,3,Region 9,Fentanyl,3/31/2023,9389,"Arizona, California, Hawaii, Nevada"
1/5/2025,2023,4,Region 9,Fentanyl,4/30/2023,9534,"Arizona, California, Hawaii, Nevada"
1/5/2025,2023,5,Region 9,Fentanyl,5/31/2023,9721,"Arizona, California, Hawaii, Nevada"
1/5/2025,2023,6,Region 9,Fentanyl,6/30/2023,9827,"Arizona, California, Hawaii, Nevada"
1/5/2025,2023,7,Region 9,Fentanyl,7/31/2023,10006,"Arizona, California, Hawaii, Nevada"
1/5/2025,2023,8,Region 9,Fentanyl,8/31/2023,10135,"Arizona, California, Hawaii, Nevada"
1/5/2025,2023,9,Region 9,Fentanyl,9/30/2023,10129,"Arizona, California, Hawaii, Nevada"
1/5/2025,2023,10,Region 9,Fentanyl,10/31/2023,10118,"Arizona, California, Hawaii, Nevada"
1/5/2025,2023,11,Region 9,Fentanyl,11/30/2023,10069,"Arizona, California, Hawaii, Nevada"
1/5/2025,2023,12,Region 9,Fentanyl,12/31/2023,9980,"Arizona, California, Hawaii, Nevada"
1/5/2025,2024,1,Region 9,Fentanyl,1/31/2024,9874,"Arizona, California, Hawaii, Nevada"
1/5/2025,2024,2,Region 9,Fentanyl,2/29/2024,9762,"Arizona, California, Hawaii, Nevada"
1/5/2025,2024,3,Region 9,Fentanyl,3/31/2024,9575,"Arizona, California, Hawaii, Nevada"
1/5/2025,2024,4,Region 9,Fentanyl,4/30/2024,9333,"Arizona, California, Hawaii, Nevada"
1/5/2025,2024,5,Region 9,Fentanyl,5/31/2024,9050,"Arizona, California, Hawaii, Nevada"
1/5/2025,2024,6,Region 9,Fentanyl,6/30/2024,8850,"Arizona, California, Hawaii, Nevada"
1/5/2025,2022,12,Region 10,Fentanyl,12/31/2022,3048,"Alaska, Idaho, Oregon, Washington"
1/5/2025,2023,1,Region 10,Fentanyl,1/31/2023,3214,"Alaska, Idaho, Oregon, Washington"
1/5/2025,2023,2,Region 10,Fentanyl,2/28/2023,3298,"Alaska, Idaho, Oregon, Washington"
1/5/2025,2023,3,Region 10,Fentanyl,3/31/2023,3460,"Alaska, Idaho, Oregon, Washington"
1/5/2025,2023,4,Region 10,Fentanyl,4/30/2023,3637,"Alaska, Idaho, Oregon, Washington"
1/5/2025,2023,5,Region 10,Fentanyl,5/31/2023,3787,"Alaska, Idaho, Oregon, Washington"
1/5/2025,2023,6,Region 10,Fentanyl,6/30/2023,3912,"Alaska, Idaho, Oregon, Washington"
1/5/2025,2023,7,Region 10,Fentanyl,7/31/2023,4086,"Alaska, Idaho, Oregon, Washington"
1/5/2025,2023,8,Region 10,Fentanyl,8/31/2023,4165,"Alaska, Idaho, Oregon, Washington"
1/5/2025,2023,9,Region 10,Fentanyl,9/30/2023,4323,"Alaska, Idaho, Oregon, Washington"
1/5/2025,2023,10,Region 10,Fentanyl,10/31/2023,4427,"Alaska, Idaho, Oregon, Washington"
1/5/2025,2023,11,Region 10,Fentanyl,11/30/2023,4454,"Alaska, Idaho, Oregon, Washington"
1/5/2025,2023,12,Region 10,Fentanyl,12/31/2023,4442,"Alaska, Idaho, Oregon, Washington"
1/5/2025,2024,1,Region 10,Fentanyl,1/31/2024,4459,"Alaska, Idaho, Oregon, Washington"
1/5/2025,2024,2,Region 10,Fentanyl,2/29/2024,4530,"Alaska, Idaho, Oregon, Washington"
1/5/2025,2024,3,Region 10,Fentanyl,3/31/2024,4518,"Alaska, Idaho, Oregon, Washington"
1/5/2025,2024,4,Region 10,Fentanyl,4/30/2024,4479,"Alaska, Idaho, Oregon, Washington"
1/5/2025,2024,5,Region 10,Fentanyl,5/31/2024,4431,"Alaska, Idaho, Oregon, Washington"
1/5/2025,2024,6,Region 10,Fentanyl,6/30/2024,4345,"Alaska, Idaho, Oregon, Washington"
1/5/2025,2019,11,Region 4,Methamphetamine,11/30/2019,3085,"Kentucky, Tennessee, Alabama, Mississippi"
1/5/2025,2019,12,Region 4,Methamphetamine,12/31/2019,3132,"Kentucky, Tennessee, Alabama, Mississippi"
1/5/2025,2020,1,Region 4,Methamphetamine,1/31/2020,3184,"Kentucky, Tennessee, Alabama, Mississippi"
1/5/2025,2020,2,Region 4,Methamphetamine,2/29/2020,3289,"Kentucky, Tennessee, Alabama, Mississippi"
1/5/2025,2020,3,Region 4,Methamphetamine,3/31/2020,3455,"Kentucky, Tennessee, Alabama, Mississippi"
1/5/2025,2020,4,Region 4,Methamphetamine,4/30/2020,3678,"Kentucky, Tennessee, Alabama, Mississippi"
1/5/2025,2020,5,Region 4,Methamphetamine,5/31/2020,3869,"Kentucky, Tennessee, Alabama, Mississippi"
1/5/2025,2020,6,Region 4,Methamphetamine,6/30/2020,4019,"Kentucky, Tennessee, Alabama, Mississippi"
1/5/2025,2020,7,Region 4,Methamphetamine,7/31/2020,4173,"Kentucky, Tennessee, Alabama, Mississippi"
1/5/2025,2020,8,Region 4,Methamphetamine,8/31/2020,4392,"Kentucky, Tennessee, Alabama, Mississippi"
1/5/2025,2020,9,Region 4,Methamphetamine,9/30/2020,4502,"Kentucky, Tennessee, Alabama, Mississippi"
1/5/2025,2020,10,Region 4,Methamphetamine,10/31/2020,4569,"Kentucky, Tennessee, Alabama, Mississippi"
1/5/2025,2020,11,Region 4,Methamphetamine,11/30/2020,4733,"Kentucky, Tennessee, Alabama, Mississippi"
1/5/2025,2020,12,Region 4,Methamphetamine,12/31/2020,4921,"Kentucky, Tennessee, Alabama, Mississippi"
1/5/2025,2021,1,Region 4,Methamphetamine,1/31/2021,5215,"Kentucky, Tennessee, Alabama, Mississippi"
1/5/2025,2021,2,Region 4,Methamphetamine,2/28/2021,5455,"Kentucky, Tennessee, Alabama, Mississippi"
1/5/2025,2021,3,Region 4,Methamphetamine,3/31/2021,5683,"Kentucky, Tennessee, Alabama, Mississippi"
1/5/2025,2021,4,Region 4,Methamphetamine,4/30/2021,5949,"Kentucky, Tennessee, Alabama, Mississippi"
1/5/2025,2021,5,Region 4,Methamphetamine,5/31/2021,6134,"Kentucky, Tennessee, Alabama, Mississippi"
1/5/2025,2021,6,Region 4,Methamphetamine,6/30/2021,6403,"Kentucky, Tennessee, Alabama, Mississippi"
1/5/2025,2021,7,Region 4,Methamphetamine,7/31/2021,6638,"Kentucky, Tennessee, Alabama, Mississippi"
1/5/2025,2021,8,Region 4,Methamphetamine,8/31/2021,6788,"Kentucky, Tennessee, Alabama, Mississippi"
1/5/2025,2021,9,Region 4,Methamphetamine,9/30/2021,7084,"Kentucky, Tennessee, Alabama, Mississippi"
1/5/2025,2021,10,Region 4,Methamphetamine,10/31/2021,7422,"Kentucky, Tennessee, Alabama, Mississippi"
1/5/2025,2021,11,Region 4,Methamphetamine,11/30/2021,7592,"Kentucky, Tennessee, Alabama, Mississippi"
1/5/2025,2021,12,Region 4,Methamphetamine,12/31/2021,7811,"Kentucky, Tennessee, Alabama, Mississippi"
1/5/2025,2022,1,Region 4,Methamphetamine,1/31/2022,7882,"Kentucky, Tennessee, Alabama, Mississippi"
1/5/2025,2022,2,Region 4,Methamphetamine,2/28/2022,8025,"Kentucky, Tennessee, Alabama, Mississippi"
1/5/2025,2022,3,Region 4,Methamphetamine,3/31/2022,8118,"Kentucky, Tennessee, Alabama, Mississippi"
1/5/2025,2022,4,Region 4,Methamphetamine,4/30/2022,8032,"Kentucky, Tennessee, Alabama, Mississippi"
1/5/2025,2022,5,Region 4,Methamphetamine,5/31/2022,8066,"Kentucky, Tennessee, Alabama, Mississippi"
1/5/2025,2022,6,Region 4,Methamphetamine,6/30/2022,8080,"Kentucky, Tennessee, Alabama, Mississippi"
1/5/2025,2022,7,Region 4,Methamphetamine,7/31/2022,8146,"Kentucky, Tennessee, Alabama, Mississippi"
1/5/2025,2022,8,Region 4,Methamphetamine,8/31/2022,8217,"Kentucky, Tennessee, Alabama, Mississippi"
1/5/2025,2022,9,Region 4,Methamphetamine,9/30/2022,8193,"Kentucky, Tennessee, Alabama, Mississippi"
1/5/2025,2022,10,Region 4,Methamphetamine,10/31/2022,8227,"Kentucky, Tennessee, Alabama, Mississippi"
1/5/2025,2022,11,Region 4,Methamphetamine,11/30/2022,8266,"Kentucky, Tennessee, Alabama, Mississippi"
1/5/2025,2022,12,Region 4,Methamphetamine,12/31/2022,8324,"Kentucky, Tennessee, Alabama, Mississippi"
1/5/2025,2023,1,Region 4,Methamphetamine,1/31/2023,8355,"Kentucky, Tennessee, Alabama, Mississippi"
1/5/2025,2023,2,Region 4,Methamphetamine,2/28/2023,8381,"Kentucky, Tennessee, Alabama, Mississippi"
1/5/2025,2023,3,Region 4,Methamphetamine,3/31/2023,8436,"Kentucky, Tennessee, Alabama, Mississippi"
1/5/2025,2023,4,Region 4,Methamphetamine,4/30/2023,8525,"Kentucky, Tennessee, Alabama, Mississippi"
1/5/2025,2023,5,Region 4,Methamphetamine,5/31/2023,8551,"Kentucky, Tennessee, Alabama, Mississippi"
1/5/2025,2023,6,Region 4,Methamphetamine,6/30/2023,8568,"Kentucky, Tennessee, Alabama, Mississippi"
1/5/2025,2023,7,Region 4,Methamphetamine,7/31/2023,8543,"Kentucky, Tennessee, Alabama, Mississippi"
1/5/2025,2023,8,Region 4,Methamphetamine,8/31/2023,8540,"Kentucky, Tennessee, Alabama, Mississippi"
1/5/2025,2023,9,Region 4,Methamphetamine,9/30/2023,8491,"Kentucky, Tennessee, Alabama, Mississippi"
1/5/2025,2023,10,Region 4,Methamphetamine,10/31/2023,8354,"Kentucky, Tennessee, Alabama, Mississippi"
1/5/2025,2023,11,Region 4,Methamphetamine,11/30/2023,8225,"Kentucky, Tennessee, Alabama, Mississippi"
1/5/2025,2023,12,Region 4,Methamphetamine,12/31/2023,8061,"Kentucky, Tennessee, Alabama, Mississippi"
1/5/2025,2024,1,Region 4,Methamphetamine,1/31/2024,7927,"Kentucky, Tennessee, Alabama, Mississippi"
1/5/2025,2024,2,Region 4,Methamphetamine,2/29/2024,7705,"Kentucky, Tennessee, Alabama, Mississippi"
1/5/2025,2024,3,Region 4,Methamphetamine,3/31/2024,7413,"Kentucky, Tennessee, Alabama, Mississippi"
1/5/2025,2024,4,Region 4,Methamphetamine,4/30/2024,7147,"Kentucky, Tennessee, Alabama, Mississippi"
1/5/2025,2024,5,Region 4,Methamphetamine,5/31/2024,6907,"Kentucky, Tennessee, Alabama, Mississippi"
1/5/2025,2024,6,Region 4,Methamphetamine,6/30/2024,6607,"Kentucky, Tennessee, Alabama, Mississippi"
1/5/2025,2021,2,Region 5,Methamphetamine,2/28/2021,3056,"Illinois, Indiana, Michigan, Minnesota, Ohio, Wisconsin"
1/5/2025,2021,3,Region 5,Methamphetamine,3/31/2021,3161,"Illinois, Indiana, Michigan, Minnesota, Ohio, Wisconsin"
1/5/2025,2021,4,Region 5,Methamphetamine,4/30/2021,3296,"Illinois, Indiana, Michigan, Minnesota, Ohio, Wisconsin"
1/5/2025,2021,5,Region 5,Methamphetamine,5/31/2021,3334,"Illinois, Indiana, Michigan, Minnesota, Ohio, Wisconsin"
1/5/2025,2021,6,Region 5,Methamphetamine,6/30/2021,3401,"Illinois, Indiana, Michigan, Minnesota, Ohio, Wisconsin"
1/5/2025,2021,7,Region 5,Methamphetamine,7/31/2021,3498,"Illinois, Indiana, Michigan, Minnesota, Ohio, Wisconsin"
1/5/2025,2021,8,Region 5,Methamphetamine,8/31/2021,3587,"Illinois, Indiana, Michigan, Minnesota, Ohio, Wisconsin"
1/5/2025,2021,9,Region 5,Methamphetamine,9/30/2021,3691,"Illinois, Indiana, Michigan, Minnesota, Ohio, Wisconsin"
1/5/2025,2021,10,Region 5,Methamphetamine,10/31/2021,3772,"Illinois, Indiana, Michigan, Minnesota, Ohio, Wisconsin"
1/5/2025,2021,11,Region 5,Methamphetamine,11/30/2021,3871,"Illinois, Indiana, Michigan, Minnesota, Ohio, Wisconsin"
1/5/2025,2021,12,Region 5,Methamphetamine,12/31/2021,3913,"Illinois, Indiana, Michigan, Minnesota, Ohio, Wisconsin"
1/5/2025,2022,1,Region 5,Methamphetamine,1/31/2022,3956,"Illinois, Indiana, Michigan, Minnesota, Ohio, Wisconsin"
1/5/2025,2022,2,Region 5,Methamphetamine,2/28/2022,4034,"Illinois, Indiana, Michigan, Minnesota, Ohio, Wisconsin"
1/5/2025,2022,3,Region 5,Methamphetamine,3/31/2022,4070,"Illinois, Indiana, Michigan, Minnesota, Ohio, Wisconsin"
1/5/2025,2022,4,Region 5,Methamphetamine,4/30/2022,4000,"Illinois, Indiana, Michigan, Minnesota, Ohio, Wisconsin"
1/5/2025,2022,5,Region 5,Methamphetamine,5/31/2022,3984,"Illinois, Indiana, Michigan, Minnesota, Ohio, Wisconsin"
1/5/2025,2022,6,Region 5,Methamphetamine,6/30/2022,3992,"Illinois, Indiana, Michigan, Minnesota, Ohio, Wisconsin"
1/5/2025,2022,7,Region 5,Methamphetamine,7/31/2022,3991,"Illinois, Indiana, Michigan, Minnesota, Ohio, Wisconsin"
1/5/2025,2022,8,Region 5,Methamphetamine,8/31/2022,3964,"Illinois, Indiana, Michigan, Minnesota, Ohio, Wisconsin"
1/5/2025,2022,9,Region 5,Methamphetamine,9/30/2022,3916,"Illinois, Indiana, Michigan, Minnesota, Ohio, Wisconsin"
1/5/2025,2022,10,Region 5,Methamphetamine,10/31/2022,3972,"Illinois, Indiana, Michigan, Minnesota, Ohio, Wisconsin"
1/5/2025,2022,11,Region 5,Methamphetamine,11/30/2022,3948,"Illinois, Indiana, Michigan, Minnesota, Ohio, Wisconsin"
1/5/2025,2022,12,Region 5,Methamphetamine,12/31/2022,4010,"Illinois, Indiana, Michigan, Minnesota, Ohio, Wisconsin"
1/5/2025,2023,1,Region 5,Methamphetamine,1/31/2023,4020,"Illinois, Indiana, Michigan, Minnesota, Ohio, Wisconsin"
1/5/2025,2023,2,Region 5,Methamphetamine,2/28/2023,4008,"Illinois, Indiana, Michigan, Minnesota, Ohio, Wisconsin"
1/5/2025,2023,3,Region 5,Methamphetamine,3/31/2023,3968,"Illinois, Indiana, Michigan, Minnesota, Ohio, Wisconsin"
1/5/2025,2023,4,Region 5,Methamphetamine,4/30/2023,4010,"Illinois, Indiana, Michigan, Minnesota, Ohio, Wisconsin"
1/5/2025,2023,5,Region 5,Methamphetamine,5/31/2023,4025,"Illinois, Indiana, Michigan, Minnesota, Ohio, Wisconsin"
1/5/2025,2023,6,Region 5,Methamphetamine,6/30/2023,4064,"Illinois, Indiana, Michigan, Minnesota, Ohio, Wisconsin"
1/5/2025,2023,7,Region 5,Methamphetamine,7/31/2023,4037,"Illinois, Indiana, Michigan, Minnesota, Ohio, Wisconsin"
1/5/2025,2023,8,Region 5,Methamphetamine,8/31/2023,4044,"Illinois, Indiana, Michigan, Minnesota, Ohio, Wisconsin"
1/5/2025,2023,9,Region 5,Methamphetamine,9/30/2023,4027,"Illinois, Indiana, Michigan, Minnesota, Ohio, Wisconsin"
1/5/2025,2023,10,Region 5,Methamphetamine,10/31/2023,3931,"Illinois, Indiana, Michigan, Minnesota, Ohio, Wisconsin"
1/5/2025,2023,11,Region 5,Methamphetamine,11/30/2023,3891,"Illinois, Indiana, Michigan, Minnesota, Ohio, Wisconsin"
1/5/2025,2023,12,Region 5,Methamphetamine,12/31/2023,3785,"Illinois, Indiana, Michigan, Minnesota, Ohio, Wisconsin"
1/5/2025,2024,1,Region 5,Methamphetamine,1/31/2024,3678,"Illinois, Indiana, Michigan, Minnesota, Ohio, Wisconsin"
1/5/2025,2024,2,Region 5,Methamphetamine,2/29/2024,3584,"Illinois, Indiana, Michigan, Minnesota, Ohio, Wisconsin"
1/5/2025,2024,3,Region 5,Methamphetamine,3/31/2024,3500,"Illinois, Indiana, Michigan, Minnesota, Ohio, Wisconsin"
1/5/2025,2024,4,Region 5,Methamphetamine,4/30/2024,3378,"Illinois, Indiana, Michigan, Minnesota, Ohio, Wisconsin"
1/5/2025,2024,5,Region 5,Methamphetamine,5/31/2024,3291,"Illinois, Indiana, Michigan, Minnesota, Ohio, Wisconsin"
1/5/2025,2024,6,Region 5,Methamphetamine,6/30/2024,3129,"Illinois, Indiana, Michigan, Minnesota, Ohio, Wisconsin"
1/5/2025,2021,3,Region 6,Methamphetamine,3/31/2021,3059,"Arkansas, Louisiana, New Mexico, Oklahoma, Texas"
1/5/2025,2021,4,Region 6,Methamphetamine,4/30/2021,3147,"Arkansas, Louisiana, New Mexico, Oklahoma, Texas"
1/5/2025,2021,5,Region 6,Methamphetamine,5/31/2021,3214,"Arkansas, Louisiana, New Mexico, Oklahoma, Texas"
1/5/2025,2021,6,Region 6,Methamphetamine,6/30/2021,3300,"Arkansas, Louisiana, New Mexico, Oklahoma, Texas"
1/5/2025,2021,7,Region 6,Methamphetamine,7/31/2021,3367,"Arkansas, Louisiana, New Mexico, Oklahoma, Texas"
1/5/2025,2021,8,Region 6,Methamphetamine,8/31/2021,3451,"Arkansas, Louisiana, New Mexico, Oklahoma, Texas"
1/5/2025,2021,9,Region 6,Methamphetamine,9/30/2021,3544,"Arkansas, Louisiana, New Mexico, Oklahoma, Texas"
1/5/2025,2021,10,Region 6,Methamphetamine,10/31/2021,3607,"Arkansas, Louisiana, New Mexico, Oklahoma, Texas"
1/5/2025,2021,11,Region 6,Methamphetamine,11/30/2021,3675,"Arkansas, Louisiana, New Mexico, Oklahoma, Texas"
1/5/2025,2021,12,Region 6,Methamphetamine,12/31/2021,3734,"Arkansas, Louisiana, New Mexico, Oklahoma, Texas"
1/5/2025,2022,1,Region 6,Methamphetamine,1/31/2022,3791,"Arkansas, Louisiana, New Mexico, Oklahoma, Texas"
1/5/2025,2022,2,Region 6,Methamphetamine,2/28/2022,3892,"Arkansas, Louisiana, New Mexico, Oklahoma, Texas"
1/5/2025,2022,3,Region 6,Methamphetamine,3/31/2022,3922,"Arkansas, Louisiana, New Mexico, Oklahoma, Texas"
1/5/2025,2022,4,Region 6,Methamphetamine,4/30/2022,3898,"Arkansas, Louisiana, New Mexico, Oklahoma, Texas"
1/5/2025,2022,5,Region 6,Methamphetamine,5/31/2022,3940,"Arkansas, Louisiana, New Mexico, Oklahoma, Texas"
1/5/2025,2022,6,Region 6,Methamphetamine,6/30/2022,4005,"Arkansas, Louisiana, New Mexico, Oklahoma, Texas"
1/5/2025,2022,7,Region 6,Methamphetamine,7/31/2022,4059,"Arkansas, Louisiana, New Mexico, Oklahoma, Texas"
1/5/2025,2022,8,Region 6,Methamphetamine,8/31/2022,4016,"Arkansas, Louisiana, New Mexico, Oklahoma, Texas"
1/5/2025,2022,9,Region 6,Methamphetamine,9/30/2022,4025,"Arkansas, Louisiana, New Mexico, Oklahoma, Texas"
1/5/2025,2022,10,Region 6,Methamphetamine,10/31/2022,4062,"Arkansas, Louisiana, New Mexico, Oklahoma, Texas"
1/5/2025,2022,11,Region 6,Methamphetamine,11/30/2022,4083,"Arkansas, Louisiana, New Mexico, Oklahoma, Texas"
1/5/2025,2022,12,Region 6,Methamphetamine,12/31/2022,4126,"Arkansas, Louisiana, New Mexico, Oklahoma, Texas"
1/5/2025,2023,1,Region 6,Methamphetamine,1/31/2023,4119,"Arkansas, Louisiana, New Mexico, Oklahoma, Texas"
1/5/2025,2023,2,Region 6,Methamphetamine,2/28/2023,4094,"Arkansas, Louisiana, New Mexico, Oklahoma, Texas"
1/5/2025,2023,3,Region 6,Methamphetamine,3/31/2023,4071,"Arkansas, Louisiana, New Mexico, Oklahoma, Texas"
1/5/2025,2023,4,Region 6,Methamphetamine,4/30/2023,4110,"Arkansas, Louisiana, New Mexico, Oklahoma, Texas"
1/5/2025,2023,5,Region 6,Methamphetamine,5/31/2023,4145,"Arkansas, Louisiana, New Mexico, Oklahoma, Texas"
1/5/2025,2023,6,Region 6,Methamphetamine,6/30/2023,4143,"Arkansas, Louisiana, New Mexico, Oklahoma, Texas"
1/5/2025,2023,7,Region 6,Methamphetamine,7/31/2023,4152,"Arkansas, Louisiana, New Mexico, Oklahoma, Texas"
1/5/2025,2023,8,Region 6,Methamphetamine,8/31/2023,4292,"Arkansas, Louisiana, New Mexico, Oklahoma, Texas"
1/5/2025,2023,9,Region 6,Methamphetamine,9/30/2023,4283,"Arkansas, Louisiana, New Mexico, Oklahoma, Texas"
1/5/2025,2023,10,Region 6,Methamphetamine,10/31/2023,4249,"Arkansas, Louisiana, New Mexico, Oklahoma, Texas"
1/5/2025,2023,11,Region 6,Methamphetamine,11/30/2023,4234,"Arkansas, Louisiana, New Mexico, Oklahoma, Texas"
1/5/2025,2023,12,Region 6,Methamphetamine,12/31/2023,4207,"Arkansas, Louisiana, New Mexico, Oklahoma, Texas"
1/5/2025,2024,1,Region 6,Methamphetamine,1/31/2024,4200,"Arkansas, Louisiana, New Mexico, Oklahoma, Texas"
1/5/2025,2024,2,Region 6,Methamphetamine,2/29/2024,4174,"Arkansas, Louisiana, New Mexico, Oklahoma, Texas"
1/5/2025,2024,3,Region 6,Methamphetamine,3/31/2024,4124,"Arkansas, Louisiana, New Mexico, Oklahoma, Texas"
1/5/2025,2024,4,Region 6,Methamphetamine,4/30/2024,4076,"Arkansas, Louisiana, New Mexico, Oklahoma, Texas"
1/5/2025,2024,5,Region 6,Methamphetamine,5/31/2024,3999,"Arkansas, Louisiana, New Mexico, Oklahoma, Texas"
1/5/2025,2024,6,Region 6,Methamphetamine,6/30/2024,3920,"Arkansas, Louisiana, New Mexico, Oklahoma, Texas"
1/5/2025,2019,1,Region 9,Methamphetamine,1/31/2019,3540,"Arizona, California, Hawaii, Nevada"
1/5/2025,2019,2,Region 9,Methamphetamine,2/28/2019,3601,"Arizona, California, Hawaii, Nevada"
1/5/2025,2019,3,Region 9,Methamphetamine,3/31/2019,3602,"Arizona, California, Hawaii, Nevada"
1/5/2025,2019,4,Region 9,Methamphetamine,4/30/2019,3649,"Arizona, California, Hawaii, Nevada"
1/5/2025,2019,5,Region 9,Methamphetamine,5/31/2019,3717,"Arizona, California, Hawaii, Nevada"
1/5/2025,2019,6,Region 9,Methamphetamine,6/30/2019,3796,"Arizona, California, Hawaii, Nevada"
1/5/2025,2019,7,Region 9,Methamphetamine,7/31/2019,3836,"Arizona, California, Hawaii, Nevada"
1/5/2025,2019,8,Region 9,Methamphetamine,8/31/2019,3874,"Arizona, California, Hawaii, Nevada"
1/5/2025,2019,9,Region 9,Methamphetamine,9/30/2019,3955,"Arizona, California, Hawaii, Nevada"
1/5/2025,2019,10,Region 9,Methamphetamine,10/31/2019,4026,"Arizona, California, Hawaii, Nevada"
1/5/2025,2019,11,Region 9,Methamphetamine,11/30/2019,4089,"Arizona, California, Hawaii, Nevada"
1/5/2025,2019,12,Region 9,Methamphetamine,12/31/2019,4098,"Arizona, California, Hawaii, Nevada"
1/5/2025,2020,1,Region 9,Methamphetamine,1/31/2020,4144,"Arizona, California, Hawaii, Nevada"
1/5/2025,2020,2,Region 9,Methamphetamine,2/29/2020,4214,"Arizona, California, Hawaii, Nevada"
1/5/2025,2020,3,Region 9,Methamphetamine,3/31/2020,4342,"Arizona, California, Hawaii, Nevada"
1/5/2025,2020,4,Region 9,Methamphetamine,4/30/2020,4464,"Arizona, California, Hawaii, Nevada"
1/5/2025,2020,5,Region 9,Methamphetamine,5/31/2020,4647,"Arizona, California, Hawaii, Nevada"
1/5/2025,2020,6,Region 9,Methamphetamine,6/30/2020,4846,"Arizona, California, Hawaii, Nevada"
1/5/2025,2020,7,Region 9,Methamphetamine,7/31/2020,5105,"Arizona, California, Hawaii, Nevada"
1/5/2025,2020,8,Region 9,Methamphetamine,8/31/2020,5476,"Arizona, California, Hawaii, Nevada"
1/5/2025,2020,9,Region 9,Methamphetamine,9/30/2020,5656,"Arizona, California, Hawaii, Nevada"
1/5/2025,2020,10,Region 9,Methamphetamine,10/31/2020,5850,"Arizona, California, Hawaii, Nevada"
1/5/2025,2020,11,Region 9,Methamphetamine,11/30/2020,6023,"Arizona, California, Hawaii, Nevada"
1/5/2025,2020,12,Region 9,Methamphetamine,12/31/2020,6261,"Arizona, California, Hawaii, Nevada"
1/5/2025,2021,1,Region 9,Methamphetamine,1/31/2021,6531,"Arizona, California, Hawaii, Nevada"
1/5/2025,2021,2,Region 9,Methamphetamine,2/28/2021,6703,"Arizona, California, Hawaii, Nevada"
1/5/2025,2021,3,Region 9,Methamphetamine,3/31/2021,6929,"Arizona, California, Hawaii, Nevada"
1/5/2025,2021,4,Region 9,Methamphetamine,4/30/2021,7104,"Arizona, California, Hawaii, Nevada"
1/5/2025,2021,5,Region 9,Methamphetamine,5/31/2021,7266,"Arizona, California, Hawaii, Nevada"
1/5/2025,2021,6,Region 9,Methamphetamine,6/30/2021,7419,"Arizona, California, Hawaii, Nevada"
1/5/2025,2021,7,Region 9,Methamphetamine,7/31/2021,7525,"Arizona, California, Hawaii, Nevada"
1/5/2025,2021,8,Region 9,Methamphetamine,8/31/2021,7532,"Arizona, California, Hawaii, Nevada"
1/5/2025,2021,9,Region 9,Methamphetamine,9/30/2021,7660,"Arizona, California, Hawaii, Nevada"
1/5/2025,2021,10,Region 9,Methamphetamine,10/31/2021,7786,"Arizona, California, Hawaii, Nevada"
1/5/2025,2021,11,Region 9,Methamphetamine,11/30/2021,7872,"Arizona, California, Hawaii, Nevada"
1/5/2025,2021,12,Region 9,Methamphetamine,12/31/2021,7925,"Arizona, California, Hawaii, Nevada"
1/5/2025,2022,1,Region 9,Methamphetamine,1/31/2022,7928,"Arizona, California, Hawaii, Nevada"
1/5/2025,2022,2,Region 9,Methamphetamine,2/28/2022,7966,"Arizona, California, Hawaii, Nevada"
1/5/2025,2022,3,Region 9,Methamphetamine,3/31/2022,7937,"Arizona, California, Hawaii, Nevada"
1/5/2025,2022,4,Region 9,Methamphetamine,4/30/2022,7940,"Arizona, California, Hawaii, Nevada"
1/5/2025,2022,5,Region 9,Methamphetamine,5/31/2022,7911,"Arizona, California, Hawaii, Nevada"
1/5/2025,2022,6,Region 9,Methamphetamine,6/30/2022,7926,"Arizona, California, Hawaii, Nevada"
1/5/2025,2022,7,Region 9,Methamphetamine,7/31/2022,8001,"Arizona, California, Hawaii, Nevada"
1/5/2025,2022,8,Region 9,Methamphetamine,8/31/2022,7978,"Arizona, California, Hawaii, Nevada"
1/5/2025,2022,9,Region 9,Methamphetamine,9/30/2022,8098,"Arizona, California, Hawaii, Nevada"
1/5/2025,2022,10,Region 9,Methamphetamine,10/31/2022,8082,"Arizona, California, Hawaii, Nevada"
1/5/2025,2022,11,Region 9,Methamphetamine,11/30/2022,8123,"Arizona, California, Hawaii, Nevada"
1/5/2025,2022,12,Region 9,Methamphetamine,12/31/2022,8209,"Arizona, California, Hawaii, Nevada"
1/5/2025,2023,1,Region 9,Methamphetamine,1/31/2023,8295,"Arizona, California, Hawaii, Nevada"
1/5/2025,2023,2,Region 9,Methamphetamine,2/28/2023,8369,"Arizona, California, Hawaii, Nevada"
1/5/2025,2023,3,Region 9,Methamphetamine,3/31/2023,8491,"Arizona, California, Hawaii, Nevada"
1/5/2025,2023,4,Region 9,Methamphetamine,4/30/2023,8606,"Arizona, California, Hawaii, Nevada"
1/5/2025,2023,5,Region 9,Methamphetamine,5/31/2023,8731,"Arizona, California, Hawaii, Nevada"
1/5/2025,2023,6,Region 9,Methamphetamine,6/30/2023,8668,"Arizona, California, Hawaii, Nevada"
1/5/2025,2023,7,Region 9,Methamphetamine,7/31/2023,8848,"Arizona, California, Hawaii, Nevada"
1/5/2025,2023,8,Region 9,Methamphetamine,8/31/2023,8924,"Arizona, California, Hawaii, Nevada"
1/5/2025,2023,9,Region 9,Methamphetamine,9/30/2023,8816,"Arizona, California, Hawaii, Nevada"
1/5/2025,2023,10,Region 9,Methamphetamine,10/31/2023,8826,"Arizona, California, Hawaii, Nevada"
1/5/2025,2023,11,Region 9,Methamphetamine,11/30/2023,8745,"Arizona, California, Hawaii, Nevada"
1/5/2025,2023,12,Region 9,Methamphetamine,12/31/2023,8671,"Arizona, California, Hawaii, Nevada"
1/5/2025,2024,1,Region 9,Methamphetamine,1/31/2024,8561,"Arizona, California, Hawaii, Nevada"
1/5/2025,2024,2,Region 9,Methamphetamine,2/29/2024,8539,"Arizona, California, Hawaii, Nevada"
1/5/2025,2024,3,Region 9,Methamphetamine,3/31/2024,8460,"Arizona, California, Hawaii, Nevada"
1/5/2025,2024,4,Region 9,Methamphetamine,4/30/2024,8306,"Arizona, California, Hawaii, Nevada"
1/5/2025,2024,5,Region 9,Methamphetamine,5/31/2024,8140,"Arizona, California, Hawaii, Nevada"
1/5/2025,2024,6,Region 9,Methamphetamine,6/30/2024,8169,"Arizona, California, Hawaii, Nevada"
1/5/2025,2023,7,Region 10,Methamphetamine,7/31/2023,3080,"Alaska, Idaho, Oregon, Washington"
1/5/2025,2023,8,Region 10,Methamphetamine,8/31/2023,3145,"Alaska, Idaho, Oregon, Washington"
1/5/2025,2023,9,Region 10,Methamphetamine,9/30/2023,3255,"Alaska, Idaho, Oregon, Washington"
1/5/2025,2023,10,Region 10,Methamphetamine,10/31/2023,3354,"Alaska, Idaho, Oregon, Washington"
1/5/2025,2023,11,Region 10,Methamphetamine,11/30/2023,3410,"Alaska, Idaho, Oregon, Washington"
1/5/2025,2023,12,Region 10,Methamphetamine,12/31/2023,3377,"Alaska, Idaho, Oregon, Washington"
1/5/2025,2024,1,Region 10,Methamphetamine,1/31/2024,3419,"Alaska, Idaho, Oregon, Washington"
1/5/2025,2024,2,Region 10,Methamphetamine,2/29/2024,3483,"Alaska, Idaho, Oregon, Washington"
1/5/2025,2024,3,Region 10,Methamphetamine,3/31/2024,3481,"Alaska, Idaho, Oregon, Washington"
1/5/2025,2024,4,Region 10,Methamphetamine,4/30/2024,3487,"Alaska, Idaho, Oregon, Washington"
1/5/2025,2024,5,Region 10,Methamphetamine,5/31/2024,3456,"Alaska, Idaho, Oregon, Washington"
1/5/2025,2024,6,Region 10,Methamphetamine,6/30/2024,3404,"Alaska, Idaho, Oregon, Washington"
1/5/2025,2021,7,Region 2,Cocaine,7/31/2021,3048,"Delaware, District of Columbia, Maryland, Pennsylvania, Virginia, West Virginia, New Jersey"
1/5/2025,2021,8,Region 2,Cocaine,8/31/2021,3181,"Delaware, District of Columbia, Maryland, Pennsylvania, Virginia, West Virginia, New Jersey"
1/5/2025,2021,9,Region 2,Cocaine,9/30/2021,3281,"Delaware, District of Columbia, Maryland, Pennsylvania, Virginia, West Virginia, New Jersey"
1/5/2025,2021,10,Region 2,Cocaine,10/31/2021,3419,"Delaware, District of Columbia, Maryland, Pennsylvania, Virginia, West Virginia, New Jersey"
1/5/2025,2021,11,Region 2,Cocaine,11/30/2021,3512,"Delaware, District of Columbia, Maryland, Pennsylvania, Virginia, West Virginia, New Jersey"
1/5/2025,2021,12,Region 2,Cocaine,12/31/2021,3602,"Delaware, District of Columbia, Maryland, Pennsylvania, Virginia, West Virginia, New Jersey"
1/5/2025,2022,1,Region 2,Cocaine,1/31/2022,3639,"Delaware, District of Columbia, Maryland, Pennsylvania, Virginia, West Virginia, New Jersey"
1/5/2025,2022,2,Region 2,Cocaine,2/28/2022,3723,"Delaware, District of Columbia, Maryland, Pennsylvania, Virginia, West Virginia, New Jersey"
1/5/2025,2022,3,Region 2,Cocaine,3/31/2022,3723,"Delaware, District of Columbia, Maryland, Pennsylvania, Virginia, West Virginia, New Jersey"
1/5/2025,2022,4,Region 2,Cocaine,4/30/2022,3775,"Delaware, District of Columbia, Maryland, Pennsylvania, Virginia, West Virginia, New Jersey"
1/5/2025,2022,5,Region 2,Cocaine,5/31/2022,3804,"Delaware, District of Columbia, Maryland, Pennsylvania, Virginia, West Virginia, New Jersey"
1/5/2025,2022,6,Region 2,Cocaine,6/30/2022,3852,"Delaware, District of Columbia, Maryland, Pennsylvania, Virginia, West Virginia, New Jersey"
1/5/2025,2022,7,Region 2,Cocaine,7/31/2022,3909,"Delaware, District of Columbia, Maryland, Pennsylvania, Virginia, West Virginia, New Jersey"
1/5/2025,2022,8,Region 2,Cocaine,8/31/2022,3926,"Delaware, District of Columbia, Maryland, Pennsylvania, Virginia, West Virginia, New Jersey"
1/5/2025,2022,9,Region 2,Cocaine,9/30/2022,3953,"Delaware, District of Columbia, Maryland, Pennsylvania, Virginia, West Virginia, New Jersey"
1/5/2025,2022,10,Region 2,Cocaine,10/31/2022,4009,"Delaware, District of Columbia, Maryland, Pennsylvania, Virginia, West Virginia, New Jersey"
1/5/2025,2022,11,Region 2,Cocaine,11/30/2022,4088,"Delaware, District of Columbia, Maryland, Pennsylvania, Virginia, West Virginia, New Jersey"
1/5/2025,2022,12,Region 2,Cocaine,12/31/2022,4197,"Delaware, District of Columbia, Maryland, Pennsylvania, Virginia, West Virginia, New Jersey"
1/5/2025,2023,1,Region 2,Cocaine,1/31/2023,4285,"Delaware, District of Columbia, Maryland, Pennsylvania, Virginia, West Virginia, New Jersey"
1/5/2025,2023,2,Region 2,Cocaine,2/28/2023,4337,"Delaware, District of Columbia, Maryland, Pennsylvania, Virginia, West Virginia, New Jersey"
1/5/2025,2023,3,Region 2,Cocaine,3/31/2023,4424,"Delaware, District of Columbia, Maryland, Pennsylvania, Virginia, West Virginia, New Jersey"
1/5/2025,2023,4,Region 2,Cocaine,4/30/2023,4542,"Delaware, District of Columbia, Maryland, Pennsylvania, Virginia, West Virginia, New Jersey"
1/5/2025,2023,5,Region 2,Cocaine,5/31/2023,4643,"Delaware, District of Columbia, Maryland, Pennsylvania, Virginia, West Virginia, New Jersey"
1/5/2025,2023,6,Region 2,Cocaine,6/30/2023,4672,"Delaware, District of Columbia, Maryland, Pennsylvania, Virginia, West Virginia, New Jersey"
1/5/2025,2023,7,Region 2,Cocaine,7/31/2023,4681,"Delaware, District of Columbia, Maryland, Pennsylvania, Virginia, West Virginia, New Jersey"
1/5/2025,2023,8,Region 2,Cocaine,8/31/2023,4754,"Delaware, District of Columbia, Maryland, Pennsylvania, Virginia, West Virginia, New Jersey"
1/5/2025,2023,9,Region 2,Cocaine,9/30/2023,4710,"Delaware, District of Columbia, Maryland, Pennsylvania, Virginia, West Virginia, New Jersey"
1/5/2025,2023,10,Region 2,Cocaine,10/31/2023,4692,"Delaware, District of Columbia, Maryland, Pennsylvania, Virginia, West Virginia, New Jersey"
1/5/2025,2023,11,Region 2,Cocaine,11/30/2023,4652,"Delaware, District of Columbia, Maryland, Pennsylvania, Virginia, West Virginia, New Jersey"
1/5/2025,2023,12,Region 2,Cocaine,12/31/2023,4605,"Delaware, District of Columbia, Maryland, Pennsylvania, Virginia, West Virginia, New Jersey"
1/5/2025,2024,1,Region 2,Cocaine,1/31/2024,4564,"Delaware, District of Columbia, Maryland, Pennsylvania, Virginia, West Virginia, New Jersey"
1/5/2025,2024,2,Region 2,Cocaine,2/29/2024,4530,"Delaware, District of Columbia, Maryland, Pennsylvania, Virginia, West Virginia, New Jersey"
1/5/2025,2024,3,Region 2,Cocaine,3/31/2024,4414,"Delaware, District of Columbia, Maryland, Pennsylvania, Virginia, West Virginia, New Jersey"
1/5/2025,2024,4,Region 2,Cocaine,4/30/2024,4276,"Delaware, District of Columbia, Maryland, Pennsylvania, Virginia, West Virginia, New Jersey"
1/5/2025,2024,5,Region 2,Cocaine,5/31/2024,4111,"Delaware, District of Columbia, Maryland, Pennsylvania, Virginia, West Virginia, New Jersey"
1/5/2025,2024,6,Region 2,Cocaine,6/30/2024,3968,"Delaware, District of Columbia, Maryland, Pennsylvania, Virginia, West Virginia, New Jersey"
1/5/2025,2019,12,Region 3,Cocaine,12/31/2019,3070,"North Carolina, South Carolina, Georgia, Florida"
1/5/2025,2020,1,Region 3,Cocaine,1/31/2020,3109,"North Carolina, South Carolina, Georgia, Florida"
1/5/2025,2020,2,Region 3,Cocaine,2/29/2020,3146,"North Carolina, South Carolina, Georgia, Florida"
1/5/2025,2020,3,Region 3,Cocaine,3/31/2020,3220,"North Carolina, South Carolina, Georgia, Florida"
1/5/2025,2020,4,Region 3,Cocaine,4/30/2020,3314,"North Carolina, South Carolina, Georgia, Florida"
1/5/2025,2020,5,Region 3,Cocaine,5/31/2020,3414,"North Carolina, South Carolina, Georgia, Florida"
1/5/2025,2020,6,Region 3,Cocaine,6/30/2020,3450,"North Carolina, South Carolina, Georgia, Florida"
1/5/2025,2020,7,Region 3,Cocaine,7/31/2020,3495,"North Carolina, South Carolina, Georgia, Florida"
1/5/2025,2020,8,Region 3,Cocaine,8/31/2020,3486,"North Carolina, South Carolina, Georgia, Florida"
1/5/2025,2020,9,Region 3,Cocaine,9/30/2020,3520,"North Carolina, South Carolina, Georgia, Florida"
1/5/2025,2020,10,Region 3,Cocaine,10/31/2020,3525,"North Carolina, South Carolina, Georgia, Florida"
1/5/2025,2020,11,Region 3,Cocaine,11/30/2020,3494,"North Carolina, South Carolina, Georgia, Florida"
1/5/2025,2020,12,Region 3,Cocaine,12/31/2020,3449,"North Carolina, South Carolina, Georgia, Florida"
1/5/2025,2021,1,Region 3,Cocaine,1/31/2021,3480,"North Carolina, South Carolina, Georgia, Florida"
1/5/2025,2021,2,Region 3,Cocaine,2/28/2021,3528,"North Carolina, South Carolina, Georgia, Florida"
1/5/2025,2021,3,Region 3,Cocaine,3/31/2021,3548,"North Carolina, South Carolina, Georgia, Florida"
1/5/2025,2021,4,Region 3,Cocaine,4/30/2021,3566,"North Carolina, South Carolina, Georgia, Florida"
1/5/2025,2021,5,Region 3,Cocaine,5/31/2021,3593,"North Carolina, South Carolina, Georgia, Florida"
1/5/2025,2021,6,Region 3,Cocaine,6/30/2021,3653,"North Carolina, South Carolina, Georgia, Florida"
1/5/2025,2021,7,Region 3,Cocaine,7/31/2021,3746,"North Carolina, South Carolina, Georgia, Florida"
1/5/2025,2021,8,Region 3,Cocaine,8/31/2021,3811,"North Carolina, South Carolina, Georgia, Florida"
1/5/2025,2021,9,Region 3,Cocaine,9/30/2021,3877,"North Carolina, South Carolina, Georgia, Florida"
1/5/2025,2021,10,Region 3,Cocaine,10/31/2021,3976,"North Carolina, South Carolina, Georgia, Florida"
1/5/2025,2021,11,Region 3,Cocaine,11/30/2021,4029,"North Carolina, South Carolina, Georgia, Florida"
1/5/2025,2021,12,Region 3,Cocaine,12/31/2021,4147,"North Carolina, South Carolina, Georgia, Florida"
1/5/2025,2022,1,Region 3,Cocaine,1/31/2022,4209,"North Carolina, South Carolina, Georgia, Florida"
1/5/2025,2022,2,Region 3,Cocaine,2/28/2022,4241,"North Carolina, South Carolina, Georgia, Florida"
1/5/2025,2022,3,Region 3,Cocaine,3/31/2022,4286,"North Carolina, South Carolina, Georgia, Florida"
1/5/2025,2022,4,Region 3,Cocaine,4/30/2022,4279,"North Carolina, South Carolina, Georgia, Florida"
1/5/2025,2022,5,Region 3,Cocaine,5/31/2022,4292,"North Carolina, South Carolina, Georgia, Florida"
1/5/2025,2022,6,Region 3,Cocaine,6/30/2022,4316,"North Carolina, South Carolina, Georgia, Florida"
1/5/2025,2022,7,Region 3,Cocaine,7/31/2022,4309,"North Carolina, South Carolina, Georgia, Florida"
1/5/2025,2022,8,Region 3,Cocaine,8/31/2022,4364,"North Carolina, South Carolina, Georgia, Florida"
1/5/2025,2022,9,Region 3,Cocaine,9/30/2022,4355,"North Carolina, South Carolina, Georgia, Florida"
1/5/2025,2022,10,Region 3,Cocaine,10/31/2022,4364,"North Carolina, South Carolina, Georgia, Florida"
1/5/2025,2022,11,Region 3,Cocaine,11/30/2022,4464,"North Carolina, South Carolina, Georgia, Florida"
1/5/2025,2022,12,Region 3,Cocaine,12/31/2022,4539,"North Carolina, South Carolina, Georgia, Florida"
1/5/2025,2023,1,Region 3,Cocaine,1/31/2023,4586,"North Carolina, South Carolina, Georgia, Florida"
1/5/2025,2023,2,Region 3,Cocaine,2/28/2023,4627,"North Carolina, South Carolina, Georgia, Florida"
1/5/2025,2023,3,Region 3,Cocaine,3/31/2023,4688,"North Carolina, South Carolina, Georgia, Florida"
1/5/2025,2023,4,Region 3,Cocaine,4/30/2023,4763,"North Carolina, South Carolina, Georgia, Florida"
1/5/2025,2023,5,Region 3,Cocaine,5/31/2023,4841,"North Carolina, South Carolina, Georgia, Florida"
1/5/2025,2023,6,Region 3,Cocaine,6/30/2023,4889,"North Carolina, South Carolina, Georgia, Florida"
1/5/2025,2023,7,Region 3,Cocaine,7/31/2023,4951,"North Carolina, South Carolina, Georgia, Florida"
1/5/2025,2023,8,Region 3,Cocaine,8/31/2023,4957,"North Carolina, South Carolina, Georgia, Florida"
1/5/2025,2023,9,Region 3,Cocaine,9/30/2023,4958,"North Carolina, South Carolina, Georgia, Florida"
1/5/2025,2023,10,Region 3,Cocaine,10/31/2023,5010,"North Carolina, South Carolina, Georgia, Florida"
1/5/2025,2023,11,Region 3,Cocaine,11/30/2023,4986,"North Carolina, South Carolina, Georgia, Florida"
1/5/2025,2023,12,Region 3,Cocaine,12/31/2023,4924,"North Carolina, South Carolina, Georgia, Florida"
1/5/2025,2024,1,Region 3,Cocaine,1/31/2024,4843,"North Carolina, South Carolina, Georgia, Florida"
1/5/2025,2024,2,Region 3,Cocaine,2/29/2024,4784,"North Carolina, South Carolina, Georgia, Florida"
1/5/2025,2024,3,Region 3,Cocaine,3/31/2024,4657,"North Carolina, South Carolina, Georgia, Florida"
1/5/2025,2024,4,Region 3,Cocaine,4/30/2024,4496,"North Carolina, South Carolina, Georgia, Florida"
1/5/2025,2024,5,Region 3,Cocaine,5/31/2024,4328,"North Carolina, South Carolina, Georgia, Florida"
1/5/2025,2024,6,Region 3,Cocaine,6/30/2024,4214,"North Carolina, South Carolina, Georgia, Florida"
1/5/2025,2019,1,Region 4,Cocaine,1/31/2019,3125,"Kentucky, Tennessee, Alabama, Mississippi"
1/5/2025,2019,2,Region 4,Cocaine,2/28/2019,3126,"Kentucky, Tennessee, Alabama, Mississippi"
1/5/2025,2019,3,Region 4,Cocaine,3/31/2019,3131,"Kentucky, Tennessee, Alabama, Mississippi"
1/5/2025,2019,4,Region 4,Cocaine,4/30/2019,3132,"Kentucky, Tennessee, Alabama, Mississippi"
1/5/2025,2019,5,Region 4,Cocaine,5/31/2019,3147,"Kentucky, Tennessee, Alabama, Mississippi"
1/5/2025,2019,6,Region 4,Cocaine,6/30/2019,3186,"Kentucky, Tennessee, Alabama, Mississippi"
1/5/2025,2019,7,Region 4,Cocaine,7/31/2019,3201,"Kentucky, Tennessee, Alabama, Mississippi"
1/5/2025,2019,8,Region 4,Cocaine,8/31/2019,3255,"Kentucky, Tennessee, Alabama, Mississippi"
1/5/2025,2019,9,Region 4,Cocaine,9/30/2019,3348,"Kentucky, Tennessee, Alabama, Mississippi"
1/5/2025,2019,10,Region 4,Cocaine,10/31/2019,3441,"Kentucky, Tennessee, Alabama, Mississippi"
1/5/2025,2019,11,Region 4,Cocaine,11/30/2019,3504,"Kentucky, Tennessee, Alabama, Mississippi"
1/5/2025,2019,12,Region 4,Cocaine,12/31/2019,3545,"Kentucky, Tennessee, Alabama, Mississippi"
1/5/2025,2020,1,Region 4,Cocaine,1/31/2020,3610,"Kentucky, Tennessee, Alabama, Mississippi"
1/5/2025,2020,2,Region 4,Cocaine,2/29/2020,3708,"Kentucky, Tennessee, Alabama, Mississippi"
1/5/2025,2020,3,Region 4,Cocaine,3/31/2020,3874,"Kentucky, Tennessee, Alabama, Mississippi"
1/5/2025,2020,4,Region 4,Cocaine,4/30/2020,4023,"Kentucky, Tennessee, Alabama, Mississippi"
1/5/2025,2020,5,Region 4,Cocaine,5/31/2020,4293,"Kentucky, Tennessee, Alabama, Mississippi"
1/5/2025,2020,6,Region 4,Cocaine,6/30/2020,4407,"Kentucky, Tennessee, Alabama, Mississippi"
1/5/2025,2020,7,Region 4,Cocaine,7/31/2020,4537,"Kentucky, Tennessee, Alabama, Mississippi"
1/5/2025,2020,8,Region 4,Cocaine,8/31/2020,4636,"Kentucky, Tennessee, Alabama, Mississippi"
1/5/2025,2020,9,Region 4,Cocaine,9/30/2020,4711,"Kentucky, Tennessee, Alabama, Mississippi"
1/5/2025,2020,10,Region 4,Cocaine,10/31/2020,4699,"Kentucky, Tennessee, Alabama, Mississippi"
1/5/2025,2020,11,Region 4,Cocaine,11/30/2020,4723,"Kentucky, Tennessee, Alabama, Mississippi"
1/5/2025,2020,12,Region 4,Cocaine,12/31/2020,4783,"Kentucky, Tennessee, Alabama, Mississippi"
1/5/2025,2021,1,Region 4,Cocaine,1/31/2021,4915,"Kentucky, Tennessee, Alabama, Mississippi"
1/5/2025,2021,2,Region 4,Cocaine,2/28/2021,4950,"Kentucky, Tennessee, Alabama, Mississippi"
1/5/2025,2021,3,Region 4,Cocaine,3/31/2021,5043,"Kentucky, Tennessee, Alabama, Mississippi"
1/5/2025,2021,4,Region 4,Cocaine,4/30/2021,5233,"Kentucky, Tennessee, Alabama, Mississippi"
1/5/2025,2021,5,Region 4,Cocaine,5/31/2021,5228,"Kentucky, Tennessee, Alabama, Mississippi"
1/5/2025,2021,6,Region 4,Cocaine,6/30/2021,5351,"Kentucky, Tennessee, Alabama, Mississippi"
1/5/2025,2021,7,Region 4,Cocaine,7/31/2021,5459,"Kentucky, Tennessee, Alabama, Mississippi"
1/5/2025,2021,8,Region 4,Cocaine,8/31/2021,5606,"Kentucky, Tennessee, Alabama, Mississippi"
1/5/2025,2021,9,Region 4,Cocaine,9/30/2021,5723,"Kentucky, Tennessee, Alabama, Mississippi"
1/5/2025,2021,10,Region 4,Cocaine,10/31/2021,5891,"Kentucky, Tennessee, Alabama, Mississippi"
1/5/2025,2021,11,Region 4,Cocaine,11/30/2021,6062,"Kentucky, Tennessee, Alabama, Mississippi"
1/5/2025,2021,12,Region 4,Cocaine,12/31/2021,6233,"Kentucky, Tennessee, Alabama, Mississippi"
1/5/2025,2022,1,Region 4,Cocaine,1/31/2022,6301,"Kentucky, Tennessee, Alabama, Mississippi"
1/5/2025,2022,2,Region 4,Cocaine,2/28/2022,6433,"Kentucky, Tennessee, Alabama, Mississippi"
1/5/2025,2022,3,Region 4,Cocaine,3/31/2022,6495,"Kentucky, Tennessee, Alabama, Mississippi"
1/5/2025,2022,4,Region 4,Cocaine,4/30/2022,6442,"Kentucky, Tennessee, Alabama, Mississippi"
1/5/2025,2022,5,Region 4,Cocaine,5/31/2022,6461,"Kentucky, Tennessee, Alabama, Mississippi"
1/5/2025,2022,6,Region 4,Cocaine,6/30/2022,6448,"Kentucky, Tennessee, Alabama, Mississippi"
1/5/2025,2022,7,Region 4,Cocaine,7/31/2022,6490,"Kentucky, Tennessee, Alabama, Mississippi"
1/5/2025,2022,8,Region 4,Cocaine,8/31/2022,6500,"Kentucky, Tennessee, Alabama, Mississippi"
1/5/2025,2022,9,Region 4,Cocaine,9/30/2022,6570,"Kentucky, Tennessee, Alabama, Mississippi"
1/5/2025,2022,10,Region 4,Cocaine,10/31/2022,6636,"Kentucky, Tennessee, Alabama, Mississippi"
1/5/2025,2022,11,Region 4,Cocaine,11/30/2022,6636,"Kentucky, Tennessee, Alabama, Mississippi"
1/5/2025,2022,12,Region 4,Cocaine,12/31/2022,6667,"Kentucky, Tennessee, Alabama, Mississippi"
1/5/2025,2023,1,Region 4,Cocaine,1/31/2023,6734,"Kentucky, Tennessee, Alabama, Mississippi"
1/5/2025,2023,2,Region 4,Cocaine,2/28/2023,6753,"Kentucky, Tennessee, Alabama, Mississippi"
1/5/2025,2023,3,Region 4,Cocaine,3/31/2023,6744,"Kentucky, Tennessee, Alabama, Mississippi"
1/5/2025,2023,4,Region 4,Cocaine,4/30/2023,6781,"Kentucky, Tennessee, Alabama, Mississippi"
1/5/2025,2023,5,Region 4,Cocaine,5/31/2023,6879,"Kentucky, Tennessee, Alabama, Mississippi"
1/5/2025,2023,6,Region 4,Cocaine,6/30/2023,6991,"Kentucky, Tennessee, Alabama, Mississippi"
1/5/2025,2023,7,Region 4,Cocaine,7/31/2023,7016,"Kentucky, Tennessee, Alabama, Mississippi"
1/5/2025,2023,8,Region 4,Cocaine,8/31/2023,7090,"Kentucky, Tennessee, Alabama, Mississippi"
1/5/2025,2023,9,Region 4,Cocaine,9/30/2023,7042,"Kentucky, Tennessee, Alabama, Mississippi"
1/5/2025,2023,10,Region 4,Cocaine,10/31/2023,6995,"Kentucky, Tennessee, Alabama, Mississippi"
1/5/2025,2023,11,Region 4,Cocaine,11/30/2023,6994,"Kentucky, Tennessee, Alabama, Mississippi"
1/5/2025,2023,12,Region 4,Cocaine,12/31/2023,6933,"Kentucky, Tennessee, Alabama, Mississippi"
1/5/2025,2024,1,Region 4,Cocaine,1/31/2024,6815,"Kentucky, Tennessee, Alabama, Mississippi"
1/5/2025,2024,2,Region 4,Cocaine,2/29/2024,6689,"Kentucky, Tennessee, Alabama, Mississippi"
1/5/2025,2024,3,Region 4,Cocaine,3/31/2024,6512,"Kentucky, Tennessee, Alabama, Mississippi"
1/5/2025,2024,4,Region 4,Cocaine,4/30/2024,6312,"Kentucky, Tennessee, Alabama, Mississippi"
1/5/2025,2024,5,Region 4,Cocaine,5/31/2024,6076,"Kentucky, Tennessee, Alabama, Mississippi"
1/5/2025,2024,6,Region 4,Cocaine,6/30/2024,5800,"Kentucky, Tennessee, Alabama, Mississippi"
1/5/2025,2019,1,Region 5,Cocaine,1/31/2019,3364,"Illinois, Indiana, Michigan, Minnesota, Ohio, Wisconsin"
1/5/2025,2019,2,Region 5,Cocaine,2/28/2019,3331,"Illinois, Indiana, Michigan, Minnesota, Ohio, Wisconsin"
1/5/2025,2019,3,Region 5,Cocaine,3/31/2019,3293,"Illinois, Indiana, Michigan, Minnesota, Ohio, Wisconsin"
1/5/2025,2019,4,Region 5,Cocaine,4/30/2019,3308,"Illinois, Indiana, Michigan, Minnesota, Ohio, Wisconsin"
1/5/2025,2019,5,Region 5,Cocaine,5/31/2019,3354,"Illinois, Indiana, Michigan, Minnesota, Ohio, Wisconsin"
1/5/2025,2019,6,Region 5,Cocaine,6/30/2019,3366,"Illinois, Indiana, Michigan, Minnesota, Ohio, Wisconsin"
1/5/2025,2019,7,Region 5,Cocaine,7/31/2019,3387,"Illinois, Indiana, Michigan, Minnesota, Ohio, Wisconsin"
1/5/2025,2019,8,Region 5,Cocaine,8/31/2019,3426,"Illinois, Indiana, Michigan, Minnesota, Ohio, Wisconsin"
1/5/2025,2019,9,Region 5,Cocaine,9/30/2019,3467,"Illinois, Indiana, Michigan, Minnesota, Ohio, Wisconsin"
1/5/2025,2019,10,Region 5,Cocaine,10/31/2019,3498,"Illinois, Indiana, Michigan, Minnesota, Ohio, Wisconsin"
1/5/2025,2019,11,Region 5,Cocaine,11/30/2019,3571,"Illinois, Indiana, Michigan, Minnesota, Ohio, Wisconsin"
1/5/2025,2019,12,Region 5,Cocaine,12/31/2019,3594,"Illinois, Indiana, Michigan, Minnesota, Ohio, Wisconsin"
1/5/2025,2020,1,Region 5,Cocaine,1/31/2020,3652,"Illinois, Indiana, Michigan, Minnesota, Ohio, Wisconsin"
1/5/2025,2020,2,Region 5,Cocaine,2/29/2020,3747,"Illinois, Indiana, Michigan, Minnesota, Ohio, Wisconsin"
1/5/2025,2020,3,Region 5,Cocaine,3/31/2020,3791,"Illinois, Indiana, Michigan, Minnesota, Ohio, Wisconsin"
1/5/2025,2020,4,Region 5,Cocaine,4/30/2020,3925,"Illinois, Indiana, Michigan, Minnesota, Ohio, Wisconsin"
1/5/2025,2020,5,Region 5,Cocaine,5/31/2020,4037,"Illinois, Indiana, Michigan, Minnesota, Ohio, Wisconsin"
1/5/2025,2020,6,Region 5,Cocaine,6/30/2020,4129,"Illinois, Indiana, Michigan, Minnesota, Ohio, Wisconsin"
1/5/2025,2020,7,Region 5,Cocaine,7/31/2020,4098,"Illinois, Indiana, Michigan, Minnesota, Ohio, Wisconsin"
1/5/2025,2020,8,Region 5,Cocaine,8/31/2020,4060,"Illinois, Indiana, Michigan, Minnesota, Ohio, Wisconsin"
1/5/2025,2020,9,Region 5,Cocaine,9/30/2020,4036,"Illinois, Indiana, Michigan, Minnesota, Ohio, Wisconsin"
1/5/2025,2020,10,Region 5,Cocaine,10/31/2020,4035,"Illinois, Indiana, Michigan, Minnesota, Ohio, Wisconsin"
1/5/2025,2020,11,Region 5,Cocaine,11/30/2020,4018,"Illinois, Indiana, Michigan, Minnesota, Ohio, Wisconsin"
1/5/2025,2020,12,Region 5,Cocaine,12/31/2020,4025,"Illinois, Indiana, Michigan, Minnesota, Ohio, Wisconsin"
1/5/2025,2021,1,Region 5,Cocaine,1/31/2021,4080,"Illinois, Indiana, Michigan, Minnesota, Ohio, Wisconsin"
1/5/2025,2021,2,Region 5,Cocaine,2/28/2021,4085,"Illinois, Indiana, Michigan, Minnesota, Ohio, Wisconsin"
1/5/2025,2021,3,Region 5,Cocaine,3/31/2021,4179,"Illinois, Indiana, Michigan, Minnesota, Ohio, Wisconsin"
1/5/2025,2021,4,Region 5,Cocaine,4/30/2021,4225,"Illinois, Indiana, Michigan, Minnesota, Ohio, Wisconsin"
1/5/2025,2021,5,Region 5,Cocaine,5/31/2021,4247,"Illinois, Indiana, Michigan, Minnesota, Ohio, Wisconsin"
1/5/2025,2021,6,Region 5,Cocaine,6/30/2021,4278,"Illinois, Indiana, Michigan, Minnesota, Ohio, Wisconsin"
1/5/2025,2021,7,Region 5,Cocaine,7/31/2021,4460,"Illinois, Indiana, Michigan, Minnesota, Ohio, Wisconsin"
1/5/2025,2021,8,Region 5,Cocaine,8/31/2021,4616,"Illinois, Indiana, Michigan, Minnesota, Ohio, Wisconsin"
1/5/2025,2021,9,Region 5,Cocaine,9/30/2021,4745,"Illinois, Indiana, Michigan, Minnesota, Ohio, Wisconsin"
1/5/2025,2021,10,Region 5,Cocaine,10/31/2021,4878,"Illinois, Indiana, Michigan, Minnesota, Ohio, Wisconsin"
1/5/2025,2021,11,Region 5,Cocaine,11/30/2021,5016,"Illinois, Indiana, Michigan, Minnesota, Ohio, Wisconsin"
1/5/2025,2021,12,Region 5,Cocaine,12/31/2021,5199,"Illinois, Indiana, Michigan, Minnesota, Ohio, Wisconsin"
1/5/2025,2022,1,Region 5,Cocaine,1/31/2022,5288,"Illinois, Indiana, Michigan, Minnesota, Ohio, Wisconsin"
1/5/2025,2022,2,Region 5,Cocaine,2/28/2022,5376,"Illinois, Indiana, Michigan, Minnesota, Ohio, Wisconsin"
1/5/2025,2022,3,Region 5,Cocaine,3/31/2022,5421,"Illinois, Indiana, Michigan, Minnesota, Ohio, Wisconsin"
1/5/2025,2022,4,Region 5,Cocaine,4/30/2022,5399,"Illinois, Indiana, Michigan, Minnesota, Ohio, Wisconsin"
1/5/2025,2022,5,Region 5,Cocaine,5/31/2022,5416,"Illinois, Indiana, Michigan, Minnesota, Ohio, Wisconsin"
1/5/2025,2022,6,Region 5,Cocaine,6/30/2022,5480,"Illinois, Indiana, Michigan, Minnesota, Ohio, Wisconsin"
1/5/2025,2022,7,Region 5,Cocaine,7/31/2022,5488,"Illinois, Indiana, Michigan, Minnesota, Ohio, Wisconsin"
1/5/2025,2022,8,Region 5,Cocaine,8/31/2022,5553,"Illinois, Indiana, Michigan, Minnesota, Ohio, Wisconsin"
1/5/2025,2022,9,Region 5,Cocaine,9/30/2022,5632,"Illinois, Indiana, Michigan, Minnesota, Ohio, Wisconsin"
1/5/2025,2022,10,Region 5,Cocaine,10/31/2022,5694,"Illinois, Indiana, Michigan, Minnesota, Ohio, Wisconsin"
1/5/2025,2022,11,Region 5,Cocaine,11/30/2022,5796,"Illinois, Indiana, Michigan, Minnesota, Ohio, Wisconsin"
1/5/2025,2022,12,Region 5,Cocaine,12/31/2022,5893,"Illinois, Indiana, Michigan, Minnesota, Ohio, Wisconsin"
1/5/2025,2023,1,Region 5,Cocaine,1/31/2023,6010,"Illinois, Indiana, Michigan, Minnesota, Ohio, Wisconsin"
1/5/2025,2023,2,Region 5,Cocaine,2/28/2023,6070,"Illinois, Indiana, Michigan, Minnesota, Ohio, Wisconsin"
1/5/2025,2023,3,Region 5,Cocaine,3/31/2023,6152,"Illinois, Indiana, Michigan, Minnesota, Ohio, Wisconsin"
1/5/2025,2023,4,Region 5,Cocaine,4/30/2023,6235,"Illinois, Indiana, Michigan, Minnesota, Ohio, Wisconsin"
1/5/2025,2023,5,Region 5,Cocaine,5/31/2023,6273,"Illinois, Indiana, Michigan, Minnesota, Ohio, Wisconsin"
1/5/2025,2023,6,Region 5,Cocaine,6/30/2023,6337,"Illinois, Indiana, Michigan, Minnesota, Ohio, Wisconsin"
1/5/2025,2023,7,Region 5,Cocaine,7/31/2023,6410,"Illinois, Indiana, Michigan, Minnesota, Ohio, Wisconsin"
1/5/2025,2023,8,Region 5,Cocaine,8/31/2023,6446,"Illinois, Indiana, Michigan, Minnesota, Ohio, Wisconsin"
1/5/2025,2023,9,Region 5,Cocaine,9/30/2023,6425,"Illinois, Indiana, Michigan, Minnesota, Ohio, Wisconsin"
1/5/2025,2023,10,Region 5,Cocaine,10/31/2023,6387,"Illinois, Indiana, Michigan, Minnesota, Ohio, Wisconsin"
1/5/2025,2023,11,Region 5,Cocaine,11/30/2023,6288,"Illinois, Indiana, Michigan, Minnesota, Ohio, Wisconsin"
1/5/2025,2023,12,Region 5,Cocaine,12/31/2023,6170,"Illinois, Indiana, Michigan, Minnesota, Ohio, Wisconsin"
1/5/2025,2024,1,Region 5,Cocaine,1/31/2024,6015,"Illinois, Indiana, Michigan, Minnesota, Ohio, Wisconsin"
1/5/2025,2024,2,Region 5,Cocaine,2/29/2024,5907,"Illinois, Indiana, Michigan, Minnesota, Ohio, Wisconsin"
1/5/2025,2024,3,Region 5,Cocaine,3/31/2024,5761,"Illinois, Indiana, Michigan, Minnesota, Ohio, Wisconsin"
1/5/2025,2024,4,Region 5,Cocaine,4/30/2024,5618,"Illinois, Indiana, Michigan, Minnesota, Ohio, Wisconsin"
1/5/2025,2024,5,Region 5,Cocaine,5/31/2024,5465,"Illinois, Indiana, Michigan, Minnesota, Ohio, Wisconsin"
1/5/2025,2024,6,Region 5,Cocaine,6/30/2024,5278,"Illinois, Indiana, Michigan, Minnesota, Ohio, Wisconsin"
1/5/2025,2019,1,Region 5,Heroin,1/31/2019,3269,"Illinois, Indiana, Michigan, Minnesota, Ohio, Wisconsin"
1/5/2025,2019,2,Region 5,Heroin,2/28/2019,3213,"Illinois, Indiana, Michigan, Minnesota, Ohio, Wisconsin"
1/5/2025,2019,3,Region 5,Heroin,3/31/2019,3162,"Illinois, Indiana, Michigan, Minnesota, Ohio, Wisconsin"
1/5/2025,2019,4,Region 5,Heroin,4/30/2019,3151,"Illinois, Indiana, Michigan, Minnesota, Ohio, Wisconsin"
1/5/2025,2019,5,Region 5,Heroin,5/31/2019,3140,"Illinois, Indiana, Michigan, Minnesota, Ohio, Wisconsin"
1/5/2025,2019,6,Region 5,Heroin,6/30/2019,3099,"Illinois, Indiana, Michigan, Minnesota, Ohio, Wisconsin"
1/5/2025,2019,7,Region 5,Heroin,7/31/2019,3027,"Illinois, Indiana, Michigan, Minnesota, Ohio, Wisconsin"
1/5/2025,2019,1,Region 7,Xylazine,1/31/2019,,"Iowa, Kansas, Missouri, Nebraska"
1/5/2025,2019,2,Region 7,Xylazine,2/28/2019,,"Iowa, Kansas, Missouri, Nebraska"
1/5/2025,2019,3,Region 7,Xylazine,3/31/2019,,"Iowa, Kansas, Missouri, Nebraska"
1/5/2025,2019,4,Region 7,Xylazine,4/30/2019,,"Iowa, Kansas, Missouri, Nebraska"
1/5/2025,2019,5,Region 7,Xylazine,5/31/2019,,"Iowa, Kansas, Missouri, Nebraska"
1/5/2025,2019,6,Region 7,Xylazine,6/30/2019,,"Iowa, Kansas, Missouri, Nebraska"
1/5/2025,2019,7,Region 7,Xylazine,7/31/2019,,"Iowa, Kansas, Missouri, Nebraska"
1/5/2025,2019,8,Region 7,Xylazine,8/31/2019,,"Iowa, Kansas, Missouri, Nebraska"
1/5/2025,2019,9,Region 7,Xylazine,9/30/2019,,"Iowa, Kansas, Missouri, Nebraska"
1/5/2025,2019,10,Region 7,Xylazine,10/31/2019,,"Iowa, Kansas, Missouri, Nebraska"
1/5/2025,2019,11,Region 7,Xylazine,11/30/2019,,"Iowa, Kansas, Missouri, Nebraska"
1/5/2025,2019,12,Region 7,Xylazine,12/31/2019,,"Iowa, Kansas, Missouri, Nebraska"
1/5/2025,2020,1,Region 7,Xylazine,1/31/2020,,"Iowa, Kansas, Missouri, Nebraska"
1/5/2025,2020,2,Region 7,Xylazine,2/29/2020,,"Iowa, Kansas, Missouri, Nebraska"
1/5/2025,2020,3,Region 7,Xylazine,3/31/2020,,"Iowa, Kansas, Missouri, Nebraska"
1/5/2025,2020,4,Region 7,Xylazine,4/30/2020,,"Iowa, Kansas, Missouri, Nebraska"
1/5/2025,2020,5,Region 7,Xylazine,5/31/2020,,"Iowa, Kansas, Missouri, Nebraska"
1/5/2025,2020,6,Region 7,Xylazine,6/30/2020,,"Iowa, Kansas, Missouri, Nebraska"
1/5/2025,2020,7,Region 7,Xylazine,7/31/2020,,"Iowa, Kansas, Missouri, Nebraska"
1/5/2025,2020,8,Region 7,Xylazine,8/31/2020,,"Iowa, Kansas, Missouri, Nebraska"
1/5/2025,2020,9,Region 7,Xylazine,9/30/2020,,"Iowa, Kansas, Missouri, Nebraska"
1/5/2025,2020,10,Region 7,Xylazine,10/31/2020,,"Iowa, Kansas, Missouri, Nebraska"
1/5/2025,2020,11,Region 7,Xylazine,11/30/2020,,"Iowa, Kansas, Missouri, Nebraska"
1/5/2025,2020,12,Region 7,Xylazine,12/31/2020,,"Iowa, Kansas, Missouri, Nebraska"
1/5/2025,2021,1,Region 7,Xylazine,1/31/2021,,"Iowa, Kansas, Missouri, Nebraska"
1/5/2025,2021,2,Region 7,Xylazine,2/28/2021,,"Iowa, Kansas, Missouri, Nebraska"
1/5/2025,2021,3,Region 7,Xylazine,3/31/2021,,"Iowa, Kansas, Missouri, Nebraska"
1/5/2025,2021,4,Region 7,Xylazine,4/30/2021,,"Iowa, Kansas, Missouri, Nebraska"
1/5/2025,2021,5,Region 7,Xylazine,5/31/2021,,"Iowa, Kansas, Missouri, Nebraska"
1/5/2025,2021,6,Region 7,Xylazine,6/30/2021,,"Iowa, Kansas, Missouri, Nebraska"
1/5/2025,2021,7,Region 7,Xylazine,7/31/2021,,"Iowa, Kansas, Missouri, Nebraska"
1/5/2025,2020,8,Region 10,Xylazine,8/31/2020,,"Alaska, Idaho, Oregon, Washington"
1/5/2025,2021,1,Region 10,Xylazine,1/31/2021,,"Alaska, Idaho, Oregon, Washington"
1/5/2025,2021,2,Region 10,Xylazine,2/28/2021,,"Alaska, Idaho, Oregon, Washington"
